,Rank,Name,Revenue,revenue(% change),profits in millions,profits % change,assets,market value,change in rank in 1000,employees,change in rank(500 only),measure_up_rank
0,1,Walmart,"$559,151",0.067,"$13,510",-0.092,"$252,496","$382,642.8",-,2300000,-,20
1,2,Amazon,"$386,064",0.376,"$21,331",0.841,"$321,195","$1,558,069.6",-,1298000,-,11
2,3,Apple,"$274,515",0.055,"$57,411",0.039,"$323,888","$2,050,665.9",1,147000,1,188
3,4,CVS Health,"$268,706",0.046,"$7,179",0.082,"$230,715","$98,653.2",1,256500,1,57
4,5,UnitedHealth Group,"$257,141",0.062,"$15,403",0.113,"$197,289","$351,725",2,330000,2,25
5,6,Berkshire Hathaway,"$245,510",-0.036,"$42,521",-0.478,"$873,729","$587,823",-,360000,-,-
6,7,McKesson,"$231,051",0.078,$900,25.471,"$61,247","$31,044",1,70000,1,205
7,8,AmerisourceBergen,"$189,893.9",0.057,"$-3,408.7",-4.985,"$44,274.8","$24,169.7",2,21500,2,120
8,9,Alphabet,"$182,527",0.128,"$40,269",0.173,"$319,616","$1,392,561.8",2,135301,2,215
9,10,Exxon Mobil,"$181,502",-0.315,"$-22,440",-2.565,"$332,750","$236,355.4",-7,72000,-7,327
10,11,AT&T,"$171,760",-0.052,"$-5,176",-1.372,"$525,761","$215,878.5",-2,230760,-2,26
11,12,Costco Wholesale,"$166,761",0.092,"$4,002",0.094,"$55,556","$155,984.3",2,214500,2,123
12,13,Cigna,"$160,401",0.045,"$8,458",0.657,"$155,451","$83,976.1",-,72963,-,179
13,14,Cardinal Health,"$152,922",0.051,"$-3,696",-3.712,"$40,766","$17,840.3",2,48000,2,64
14,15,Microsoft,"$143,015",0.136,"$44,281",0.128,"$301,311","$1,778,228.2",6,163000,6,1
15,16,Walgreens Boots Alliance,"$139,537",0.02,$456,-0.885,"$87,174","$47,455.3",3,277000,3,19
16,17,Kroger,"$132,498",0.084,"$2,585",0.558,"$48,662","$27,064.3",6,465000,6,190
17,18,Home Depot,"$132,110",0.199,"$12,866",0.144,"$70,581","$328,775.4",8,504800,8,66
18,19,JPMorgan Chase,"$129,503",-0.091,"$29,131",-0.2,"$3,386,071","$464,530.8",-2,255351,-2,54
19,20,Verizon Communications,"$128,292",-0.027,"$17,801",-0.076,"$316,481","$240,633.3",-,132200,-,7
20,21,Ford Motor,"$127,144",-0.184,"$-1,279",-28.213,"$267,261","$48,739",-9,186000,-9,207
21,22,General Motors,"$122,485",-0.107,"$6,427",-0.045,"$235,194","$82,794.9",-4,155000,-4,156
22,23,Anthem,"$121,867",0.169,"$4,572",-0.049,"$86,615","$87,908.9",6,83400,6,18
23,24,Centene,"$111,115",0.489,"$1,808",0.369,"$68,719","$37,169.6",18,71300,18,2
24,25,Fannie Mae,"$106,437",-0.115,"$11,805",-0.166,"$3,985,749","$2,397.2",-1,7700,-1,343
25,26,Comcast,"$103,564",-0.049,"$10,534",-0.193,"$273,869","$247,859.3",2,168000,2,88
26,27,Chevron,"$94,692",-0.354,"$-5,543",-2.896,"$239,790","$201,865",-12,47736,-12,56
27,28,Dell Technologies,"$94,224",0.022,"$3,250",-0.296,"$123,415","$67,229.1",6,158000,6,142
28,29,Bank of America,"$93,753",-0.175,"$17,894",-0.348,"$2,819,627","$333,788.4",-4,212505,-4,10
29,30,Target,"$93,561",0.198,"$4,368",0.331,"$51,248","$98,760.9",7,409000,7,3
30,31,Lowe's,"$89,597",0.242,"$5,835",0.363,"$46,735","$136,407.9",13,280000,13,175
31,32,Marathon Petroleum,"$88,952",-0.287,"$-9,826",-4.726,"$85,158","$34,873.8",-10,57900,-10,181
32,33,Citigroup,"$88,839",-0.141,"$11,047",-0.431,"$2,260,090","$151,806.4",-2,210153,-2,17
33,34,Meta Platforms,"$85,965",0.216,"$29,146",0.577,"$159,316","$838,724.2",12,58604,12,44
34,35,United Parcel Service,"$84,628",0.142,"$1,343",-0.698,"$62,408","$147,791.6",8,408255,8,105
35,36,Johnson & Johnson,"$82,584",0.006,"$14,714",-0.027,"$174,894","$432,685.3",-1,134500,-1,51
36,37,Wells Fargo,"$80,303",-0.227,"$3,301",-0.831,"$1,955,163","$161,521",-7,268531,-7,13
37,38,General Electric,"$79,619",-0.164,"$5,704",-,"$253,452","$115,342.5",-5,184000,-5,306
38,39,State Farm Insurance,"$78,898",-0.006,"$3,738.9",-0.331,"$299,104.5",-,-3,57582,-3,-
39,40,Intel,"$77,867",0.082,"$20,899",-0.007,"$153,091","$260,630.1",5,110600,5,6
40,41,Humana,"$77,155",0.189,"$3,367",0.244,"$34,969","$54,087.7",11,48700,11,48
41,42,International Business Machines,"$73,620",-0.046,"$5,590",-0.407,"$155,971","$119,080.3",-4,364800,-4,91
42,43,Procter & Gamble,"$70,950",0.048,"$13,027",2.343,"$120,700","$333,493.1",7,99000,7,127
43,44,PepsiCo,"$70,372",0.048,"$7,120",-0.027,"$92,918","$195,207.7",7,291000,7,58
44,45,FedEx,"$69,217",-0.007,"$1,286",1.381,"$73,537","$75,367.8",2,418000,2,125
45,46,MetLife,"$67,842",-0.026,"$5,407",-0.083,"$795,146","$53,762.6",2,46500,2,23
46,47,Freddie Mac,"$66,228",-0.118,"$7,326",0.016,"$2,627,415","$1,332.6",-6,6922,-6,256
47,48,Phillips 66,"$65,494",-0.402,"$-3,975",-2.292,"$54,721","$35,703.6",-21,14300,-21,283
48,49,Lockheed Martin,"$65,398",0.093,"$6,833",0.097,"$50,710","$102,984.2",8,114000,8,160
49,50,Walt Disney,"$65,388",-0.06,"$-2,864",-1.259,"$201,549","$334,952.5",-1,203000,-1,41
50,51,Archer Daniels Midland (ADM),"$64,355",-0.005,"$1,772",0.285,"$49,719","$31,834.5",3,38332,3,128
51,52,Albertsons,"$62,455.1",0.032,$466.4,2.558,"$24,735.1","$8,877.7",3,270000,3,-
52,53,Valero Energy,"$60,115",-0.415,"$-1,421",-1.587,"$51,774","$29,267.2",-21,9964,-21,239
53,54,Boeing,"$58,158",-0.24,"$-11,873",-,"$152,136","$148,664.8",-14,141000,-14,256
54,55,Prudential Financial,"$57,033",-0.12,$-374,-1.089,"$940,722","$36,022.4",-2,41671,-2,189
55,56,HP,"$56,639",-0.036,"$2,844",-0.098,"$34,681","$39,579.5",2,53000,2,71
56,57,Raytheon Technologies,"$56,587",-0.266,"$-3,519",-1.636,"$162,153","$117,143.9",-18,181000,-18,-
57,58,StoneX,"$54,139.6",0.646,$169.6,0.993,"$13,474.9","$1,284.4",42,2950,42,454
58,59,Goldman Sachs Group,"$53,498",-0.008,"$9,459",0.117,"$1,163,028","$116,903",1,40500,1,46
59,60,Sysco,"$52,893.3",-0.12,$215.5,-0.871,"$22,628.3","$40,189.8",-4,57000,-4,115
60,61,Morgan Stanley,"$52,047",-0.033,"$10,996",0.216,"$1,115,862","$146,161.9",-,68097,-,47
61,62,HCA Healthcare,"$51,533",0.004,"$3,754",0.071,"$47,490","$63,458.7",3,235000,3,311
62,63,Cisco Systems,"$49,301",-0.05,"$11,214",-0.035,"$94,853","$218,308.5",-,77500,-,80
63,64,Charter Communications,"$48,097",0.051,"$3,222",0.932,"$144,206","$128,965.7",7,96100,7,162
64,65,Merck,"$47,994",0.025,"$7,067",-0.282,"$91,588","$195,062",4,73500,4,35
65,66,Best Buy,"$47,262",0.083,"$1,798",0.167,"$19,067","$28,707.7",9,81600,9,137
66,67,New York Life Insurance,"$46,712.4",0.059,$-822.3,-1.819,"$359,312.5",-,6,11506,6,186
67,68,AbbVie,"$45,804",0.377,"$4,616",-0.414,"$150,565","$190,989.4",31,47000,31,77
68,69,Publix Super Markets,"$45,204",0.175,"$3,971.8",0.322,"$28,094.1",-,18,227000,18,-
69,70,Allstate,"$44,791",0.003,"$5,576",0.15,"$125,987","$34,800.2",2,42010,2,8
70,71,Liberty Mutual Insurance Group,"$43,796",0.013,$758,-0.274,"$145,377",-,6,45000,6,230
71,72,American International Group,"$43,736",-0.121,"$-5,944",-2.775,"$586,481","$39,848.9",-6,45000,-6,343
72,73,Tyson Foods,"$43,185",0.018,"$2,061",0.041,"$34,456","$27,099.6",6,139000,6,220
73,74,Progressive,"$42,658.1",0.093,"$5,704.6",0.437,"$64,098.3","$55,946.5",12,43326,12,16
74,75,Bristol-Myers Squibb,"$42,518",0.626,"$-9,015",-3.621,"$118,481","$141,027.9",40,30250,40,-
75,76,Nationwide,"$41,929.8",-0.047,$-138.4,-1.167,"$256,589.3",-,-2,25391,-2,-
76,77,Pfizer,"$41,908",-0.19,"$9,616",-0.409,"$154,229","$202,096.9",-13,78500,-13,203
77,78,Caterpillar,"$41,748",-0.224,"$2,998",-0.508,"$78,324","$126,439.6",-16,97300,-16,139
78,79,TIAA,"$41,619.3",0.029,$558.1,-0.773,"$654,252",-,2,14953,2,-
79,80,Oracle,"$39,068",-0.011,"$10,135",-0.086,"$115,438","$202,337.7",2,135000,2,365
80,81,Energy Transfer,"$38,954",-0.281,$-648,-1.18,"$95,144","$20,754.7",-22,11421,-22,363
81,82,Dow,"$38,542",-0.103,"$1,225",-,"$61,470","$47,649.7",-4,35700,-4,133
82,83,American Express,"$38,185",-0.188,"$3,135",-0.536,"$191,367","$113,635.8",-16,63700,-16,29
83,84,General Dynamics,"$37,925",-0.036,"$3,167",-0.091,"$51,308","$51,481.9",-1,100700,-1,157
84,85,Nike,"$37,403",-0.044,"$2,539",-0.37,"$31,342","$209,499.8",-,75400,-,12
85,86,Northrop Grumman,"$36,799",0.087,"$3,189",0.419,"$44,469","$53,956.7",10,97000,10,111
86,87,USAA,"$36,296.2",0.019,"$3,906.9",-0.025,"$200,348.4",-,7,35935,7,245
87,88,Deere,"$35,540",-0.095,"$2,751",-0.154,"$75,091","$117,270",-4,69634,-4,168
88,89,Abbott Laboratories,"$34,608",0.085,"$4,495",0.219,"$72,548","$212,300.1",15,109000,15,62
89,90,Northwestern Mutual,"$33,782.1",0.046,$425,-0.665,"$308,767",-,12,6641,12,-
90,91,Dollar General,"$33,746.8",0.216,"$2,655.1",0.55,"$25,862.6","$48,479.7",21,158000,21,343
91,92,Exelon,"$33,039",-0.041,"$1,963",-0.331,"$129,317","$42,723.5",3,32340,3,217
92,93,Coca-Cola,"$33,014",-0.114,"$7,747",-0.132,"$87,296","$227,143.8",-5,80300,-5,262
93,94,Honeywell International,"$32,637",-0.111,"$4,779",-0.222,"$64,586","$150,972.4",-2,103000,-2,321
94,95,Thermo Fisher Scientific,"$32,218",0.261,"$6,375",0.725,"$69,052","$179,719.4",24,84362,24,278
95,96,3M,"$32,184",0.001,"$5,384",0.178,"$47,344","$111,642.1",7,94987,7,106
96,97,TJX,"$32,137",-0.23,$90.5,-0.972,"$30,813.6","$79,774.9",-17,320000,-17,36
97,98,Travelers,"$31,981",0.013,"$2,697",0.029,"$116,764","$37,933",8,30294,8,173
98,99,Capital One Financial,"$31,643",-0.063,"$2,714",-0.511,"$421,602","$58,097",-2,51985,-2,34
99,100,Tesla,"$31,536",0.283,$721,-,"$52,148","$641,115",24,70757,24,172
100,101,Philip Morris International,"$28,694",-0.037,"$8,056",0.121,"$44,815","$138,302.4",6,71000,6,67
101,102,Arrow Electronics,"$28,673.4",-0.008,$584.4,-,"$17,053.9","$8,267.5",8,19600,8,368
102,103,CHS,"$28,406.4",-0.11,$422.4,-0.491,"$15,993.9",-,2,10493,2,-
103,104,Jabil,"$27,266.4",0.078,$53.9,-0.812,"$14,397.4","$7,833.2",17,240000,17,301
104,105,Enterprise Products Partners,"$27,199.7",-0.17,"$3,775.6",-0.178,"$64,106.7","$48,038.8",-4,7130,-4,451
105,106,Hewlett Packard Enterprise,"$26,982",-0.074,$-322,-1.307,"$54,015","$20,480",3,59400,3,84
106,107,United Natural Foods,"$26,742.8",0.139,$-274.1,-,"$7,587","$1,854.4",26,28300,26,178
107,108,Mondelez International,"$26,581",0.028,"$3,555",-0.081,"$67,810","$82,651.1",9,79000,9,237
108,109,ViacomCBS,"$26,186",-0.058,"$2,422",-0.268,"$52,663","$28,853.2",2,24225,2,60
109,110,Kraft Heinz,"$26,185",0.048,$356,-0.816,"$99,830","$48,924.7",12,38000,12,236
110,111,Dollar Tree,"$25,509.3",0.08,"$1,341.9",0.623,"$20,696","$26,717.4",20,129772,20,112
111,112,Amgen,"$25,424",0.088,"$7,264",-0.074,"$62,948","$143,704.3",23,24300,23,152
112,113,U.S. Bancorp,"$25,241",-0.076,"$4,959",-0.283,"$553,905","$83,107.4",-,68108,-,185
113,114,Performance Food Group,"$25,086.3",0.271,$-114.1,-1.684,"$7,719.7","$7,705.3",54,20000,54,454
114,115,Netflix,"$24,996.1",0.24,"$2,761.4",0.479,"$39,280.4","$231,040.7",49,9400,49,166
115,116,Gilead Sciences,"$24,689",0.1,$123,-0.977,"$68,407","$81,372.8",24,13600,24,28
116,117,TD Synnex,"$24,675.6",0.039,$529.2,0.057,"$13,468.6","$5,874.5",13,277900,13,330
117,118,Eli Lilly,"$24,539.8",0.099,"$6,193.7",-0.255,"$46,633.1","$179,158.9",27,35000,27,27
118,119,Truist Financial,"$24,427",0.666,"$4,482",0.39,"$509,228","$78,408.5",98,53638,98,42
119,120,PNC Financial Services Group,"$24,039",0.112,"$7,517",0.4,"$466,679","$74,377.4",31,50403,31,-
120,121,Broadcom,"$23,888",0.057,"$2,960",0.087,"$75,933","$189,313.5",17,21000,17,320
121,122,CBRE Group,"$23,826.2",-0.003,$752,-0.414,"$18,039.1","$26,549.1",6,100000,6,126
122,123,Massachusetts Mutual Life Insurance,"$23,663.1",-0.365,$-100.5,-1.027,"$322,936.3",-,-34,9974,-34,-
123,124,Qualcomm,"$23,531",-0.031,"$5,198",0.185,"$35,594","$150,622.2",2,41000,2,78
124,125,Starbucks,"$23,518",-0.113,$928.3,-0.742,"$29,374.5","$128,643.6",-11,349000,-11,299
125,126,Duke Energy,"$23,453",-0.049,"$1,377",-0.633,"$162,388","$74,252.5",-3,27535,-3,184
126,127,Plains GP Holdings,"$23,290",-0.308,$-568,-2.716,"$25,951","$1,824.5",-29,4400,-29,452
127,128,US Foods Holding,"$22,885",-0.118,$-226,-1.587,"$12,423","$8,427.5",-12,26000,-12,343
128,129,Lennar,"$22,488.9",0.01,"$2,465",0.333,"$29,935.2","$30,893.2",18,9495,18,399
129,130,Danaher,"$22,284",0.086,"$3,646",0.212,"$76,161","$160,497.2",31,69000,31,124
130,131,Aflac,"$22,147",-0.007,"$4,778",0.446,"$165,086","$35,191.4",15,12003,15,63
131,132,Rite Aid,"$21,928.4",0.012,$-452.2,-,"$9,452.4","$1,129.9",18,39920,18,108
132,133,Visa,"$21,846",-0.049,"$10,866",-0.1,"$80,919","$452,525.4",4,20500,4,14
133,134,PayPal Holdings,"$21,454",0.207,"$4,202",0.709,"$70,379","$284,408.3",48,26500,48,101
134,135,Micron Technology,"$21,435",-0.084,"$2,687",-0.574,"$53,678","$98,678",-1,40000,-1,150
135,136,CarMax,"$21,424.1",0.119,$888.4,0.055,"$21,082.2","$21,562.7",37,27050,37,370
136,137,Salesforce,"$21,252",0.243,"$4,072",31.317,"$66,301","$195,132.3",53,56606,53,45
137,138,Altria Group,"$20,841",0.053,"$4,467",-,"$47,414","$95,090.6",29,7100,29,114
138,139,Lumen Technologies,"$20,712",-0.075,"$-1,232",-,"$59,394","$14,642.9",4,39000,4,343
139,140,Baker Hughes,"$20,705",-0.131,"$-9,940",-78.656,"$38,007","$22,494.8",-11,55000,-11,180
140,141,International Paper,"$20,580",-0.08,$482,-0.607,"$31,718","$21,240.6",3,49300,3,328
141,142,Hartford Financial Services Group,"$20,523",-0.01,"$1,737",-0.167,"$74,111","$23,863.3",18,18500,18,195
142,143,Penske Automotive Group,"$20,443.9",-0.118,$543.6,0.247,"$13,247.2","$6,485.5",-7,23600,-7,399
143,144,DuPont,"$20,397",-0.052,"$-2,951",-6.926,"$70,904","$41,308.1",8,34000,8,238
144,145,AutoNation,"$20,390",-0.044,$381.6,-0.152,"$9,887.2","$7,683.2",9,21600,9,399
145,146,Southern,"$20,375",-0.049,"$3,119",-0.342,"$122,935","$65,678.9",7,27700,7,242
146,147,World Fuel Services,"$20,358.3",-0.447,$109.6,-0.387,"$4,500.3","$2,222",-56,4300,-56,399
147,148,D.R. Horton,"$20,311.1",0.155,"$2,373.7",0.467,"$18,912.3","$32,413.1",35,9716,35,399
148,149,Nucor,"$20,139.7",-0.108,$721.5,-0.432,"$20,125.4","$23,975.7",-10,26400,-10,399
149,150,Cummins,"$19,811",-0.16,"$1,789",-0.208,"$22,624","$37,971.1",-18,57825,-18,211
150,151,NGL Energy Partners,"$19,770.9",-0.179,$-397,-2.103,"$6,498.7",$263.5,-24,1400,-24,-
151,152,DXC Technology,"$19,577",-0.076,"$-5,369",-5.271,"$26,006","$7,958.6",3,138000,3,246
152,153,Union Pacific,"$19,533",-0.1,"$5,349",-0.096,"$62,398","$146,948.3",-4,30960,-4,96
153,154,Whirlpool,"$19,456",-0.047,"$1,081",-0.087,"$20,350","$13,831.7",8,78000,8,182
154,155,Molina Healthcare,"$19,423",0.154,$673,-0.087,"$9,532","$13,647.3",38,10500,38,399
155,156,ConocoPhillips,"$19,256",-0.475,"$-2,701",-1.376,"$62,618","$71,623.4",-63,9700,-63,169
156,157,McDonald's,"$19,207.8",-0.089,"$4,730.5",-0.215,"$52,626.8","$167,112.5",-1,200000,-1,81
157,158,Kimberly-Clark,"$19,140",0.037,"$2,352",0.09,"$17,523","$46,999.8",17,46000,17,146
158,159,Paccar,"$18,728.5",-0.268,"$1,298.4",-0.456,"$28,260","$32,255.8",-41,26000,-41,399
159,160,PG&E,"$18,469",0.078,"$-1,318",-,"$97,856","$23,240.6",29,24000,29,61
160,161,CDW,"$18,467.5",0.024,$788.5,0.07,"$9,344.7","$23,291.8",17,10000,17,307
161,162,Sherwin-Williams,"$18,361.7",0.026,"$2,030.4",0.317,"$20,401.6","$65,837.3",18,61031,18,163
162,163,L3Harris Technologies,"$18,194",0.415,"$1,119",-0.161,"$36,960","$41,664.1",87,48000,87,136
163,164,Macy's,"$18,097",-0.286,"$-3,944",-7.993,"$17,706","$5,028.1",-44,75711,-44,39
164,165,ManpowerGroup,"$18,001",-0.137,$23.8,-0.949,"$9,328.2","$5,434.2",-7,25000,-7,86
165,166,NextEra Energy,"$17,997",-0.063,"$2,919",-0.226,"$127,684","$148,304.9",6,14900,6,132
166,167,Tenet Healthcare,"$17,640",-0.045,$399,-,"$27,106","$5,536.5",7,97900,7,315
167,168,Avnet,"$17,634.3",-0.097,$-31.1,-1.176,"$8,105.2","$4,128.4",1,14600,1,-
168,169,General Mills,"$17,626.6",0.045,"$2,181.2",0.244,"$30,806.7","$37,403.4",23,35000,23,145
169,170,WestRock,"$17,578.8",-0.039,$-690.9,-1.801,"$28,779.7","$13,716.1",7,49300,7,326
170,171,Carrier Global,"$17,456",-,"$1,982",-,"$25,093","$36,701.1",-,56000,-,305
171,172,Lincoln National,"$17,439",0.01,$499,-0.437,"$365,948","$11,953.2",16,10966,16,343
172,173,Genuine Parts,"$17,384.4",-0.104,$-29.1,-1.047,"$13,440.2","$16,691.8",-2,50000,-2,274
173,174,American Airlines Group,"$17,337",-0.621,"$-8,885",-6.27,"$62,008","$15,328.8",-104,102700,-104,68
174,175,Marsh & McLennan,"$17,224",0.034,"$2,016",0.157,"$33,049","$62,054.9",20,76000,20,117
175,176,Applied Materials,"$17,202",0.178,"$3,619",0.337,"$22,353","$122,599.5",42,24000,42,82
176,177,Becton Dickinson,"$17,117",-0.01,$874,-0.291,"$54,012","$70,649.7",10,72000,10,79
177,178,Delta Air Lines,"$17,095",-0.636,"$-12,385",-3.598,"$71,996","$30,809.7",-110,74000,-110,228
178,179,Lear,"$17,045.5",-0.14,$158.5,-0.79,"$13,198.6","$10,895.8",-13,174600,-13,214
179,180,Bank of New York Mellon,"$16,940",-0.186,"$3,617",-0.186,"$469,633","$41,471",-21,48500,-21,15
180,181,Emerson Electric,"$16,785",-0.086,"$1,965",-0.148,"$22,882","$54,134.7",-5,83500,-5,213
181,182,Western Digital,"$16,736",0.01,$-250,-,"$25,662","$20,432",16,63800,16,204
182,183,Occidental Petroleum,"$16,680",-0.241,"$-14,831",-,"$80,064","$24,848.7",-35,11800,-35,279
183,184,Nvidia,"$16,675",0.527,"$4,332",0.549,"$28,791","$331,036.6",108,18975,108,52
184,185,Cognizant Technology Solutions,"$16,652",-0.008,"$1,392",-0.244,"$16,923","$41,451.6",9,289500,9,183
185,186,Jones Lang LaSalle,"$16,589.9",-0.077,$402.5,-0.248,"$14,316.5","$9,150.9",-7,90800,-7,103
186,187,Synchrony Financial,"$16,472",-0.154,"$1,385",-0.63,"$95,948","$23,740.6",-17,16500,-17,264
187,188,Colgate-Palmolive,"$16,471",0.05,"$2,695",0.139,"$15,920","$66,810.3",15,34200,15,153
188,189,AECOM,"$16,390.8",-0.188,$-186.4,-,"$12,999","$9,469.8",-26,54000,-26,241
189,190,XPO Logistics,"$16,252",-0.024,$110,-0.737,"$16,169","$12,601.7",6,119750,6,377
190,191,C.H. Robinson Worldwide,"$16,207.1",0.059,$506.4,-0.122,"$5,144.3","$12,514.9",17,14888,17,209
191,192,BlackRock,"$16,205",0.115,"$4,932",0.102,"$176,982","$115,079.8",27,16500,27,22
192,193,Dominion Energy,"$16,128",-0.027,$-401,-1.295,"$95,905","$61,224",4,17300,4,232
193,194,Rocket Companies,"$15,980.7",2.043,$198,-,"$37,534.6","$45,821",-,24000,-,272
194,195,Kohl's,"$15,955",-0.201,$-163,-1.236,"$15,337","$9,394.1",-30,73000,-30,256
195,196,Fluor,"$15,884.2",-0.096,$-435,-,"$7,309.8","$3,252.4",-15,43717,-15,384
196,197,DISH Network,"$15,493.4",0.21,"$1,762.7",0.259,"$38,239.9","$19,048.2",54,13500,54,385
197,198,BJ's Wholesale Club,"$15,430",0.17,$421,1.249,"$5,411.5","$6,156.5",45,32000,45,399
198,199,Tenneco,"$15,379",-0.119,"$-1,521",-,"$11,852",$875.7,-14,73000,-14,276
199,200,United Airlines Holdings,"$15,355",-0.645,"$-7,069",-3.349,"$59,548","$18,325.1",-124,74400,-124,386
200,201,Mastercard,"$15,301",-0.094,"$6,411",-0.21,"$33,584","$353,686.7",-10,21000,-10,32
201,202,Waste Management,"$15,218",-0.015,"$1,496",-0.104,"$29,345","$54,451.7",5,48250,5,83
202,203,PBF Energy,"$15,115.9",-0.383,"$-1,392.4",-5.359,"$10,499.8","$1,699.5",-78,3729,-78,399
203,204,American Electric Power,"$14,918.5",-0.041,"$2,200.1",0.145,"$80,757.2","$42,067.3",-,16787,-,122
204,205,Fiserv,"$14,852",0.458,$958,0.073,"$74,619","$79,692.5",106,44000,106,343
205,206,Principal Financial,"$14,741.7",-0.091,"$1,395.8",0.001,"$296,627.7","$16,345.9",-5,17400,-5,121
206,207,Reinsurance Group of America,"$14,596",0.021,$415,-0.523,"$84,656","$8,568",18,3600,18,231
207,208,Automatic Data Processing,"$14,589.8",0.029,"$2,466.5",0.076,"$39,165.5","$80,653.9",19,58000,19,131
208,209,Stanley Black & Decker,"$14,534.6",0.006,"$1,233.8",0.291,"$23,566.3","$32,152.4",11,58350,11,296
209,210,Texas Instruments,"$14,461",0.005,"$5,595",0.115,"$19,351","$174,439.3",12,30000,12,138
210,211,Halliburton,"$14,445",-0.355,"$-2,945",-,"$20,680","$19,070.1",-69,40000,-69,248
211,212,Stryker,"$14,351",-0.036,"$1,599",-0.232,"$34,330","$91,665.1",2,43000,2,256
212,213,Est√©e Lauder,"$14,294",-0.038,$684,-0.617,"$17,781","$105,508.6",2,48000,2,21
213,214,Corteva,"$14,217",0.027,$681,-,"$42,649","$34,528.5",20,21000,20,343
214,215,Freeport-McMoRan,"$14,198",-0.014,$599,-,"$42,144","$48,027.8",6,24500,6,302
215,216,Qurate Retail,"$14,177",0.053,"$1,204",-,"$16,999","$4,880.5",23,26424,23,-
216,217,Wayfair,"$14,145.2",0.55,$185,-,"$4,569.9","$32,644.7",131,16122,131,399
217,218,Laboratory Corp. of America,"$13,978.5",0.21,"$1,556.1",0.889,"$20,071.7","$24,890.9",56,68780,56,343
218,219,Land O'Lakes,"$13,948.9",0.004,$264.9,0.287,"$9,186",-,13,9000,13,-
219,220,PPG Industries,"$13,834",-0.087,"$1,059",-0.148,"$19,556","$35,603.6",-11,46900,-11,341
220,221,Gap,"$13,800",-0.158,$-665,-2.895,"$13,769","$11,164.9",-22,117000,-22,4
221,222,Kellogg,"$13,770",0.014,"$1,251",0.303,"$17,996","$21,544.5",15,31000,15,268
222,223,Parker-Hannifin,"$13,695.5",-0.044,"$1,206.3",-0.202,"$19,738.2","$40,716.1",1,50520,1,399
223,224,Core-Mark Holding,"$13,617.1",0.022,$63.2,0.095,"$1,954.7","$1,747.3",16,7534,16,399
224,225,Jacobs Engineering Group,"$13,578.2",-0.122,$491.8,-0.42,"$12,354.4","$16,816.2",-19,53500,-19,199
225,226,Edison International,"$13,578",0.1,$739,-0.424,"$69,372","$22,229.3",33,13209,33,38
226,227,Guardian Life Ins. Co. of America,"$13,561.5",0.006,$23.5,-0.965,"$85,424.7",-,11,8871,11,-
227,228,Biogen,"$13,444.6",-0.065,"$4,000.6",-0.321,"$24,618.9","$42,615.9",-5,9100,-5,5
228,229,Omnicom Group,"$13,171.1",-0.119,$945.4,-0.294,"$27,647.2","$15,946.2",-18,64100,-18,53
229,230,Unum Group,"$13,162.1",0.097,$793,-0.279,"$70,625.8","$5,669.8",36,10500,36,149
230,231,Lithia Motors,"$13,124.3",0.036,$470.3,0.732,"$7,902.1","$10,467",21,14538,21,285
231,232,American Family Insurance Group,"$13,074.5",0.035,$403.2,-0.116,"$33,941.8",-,22,13225,22,-
232,233,Discover Financial Services,"$12,953",-0.074,"$1,141",-0.614,"$112,889","$29,099.7",-2,17600,-2,24
233,234,Adobe,"$12,868",0.152,"$5,260",0.782,"$24,284","$227,226.9",51,22516,51,73
234,235,Aramark,"$12,829.6",-0.209,$-461.5,-2.029,"$15,712.7","$9,595.3",-35,209325,-35,314
235,236,Otis Worldwide,"$12,756",-,$906,-,"$10,710","$29,418.4",-,69000,-,140
236,237,Ecolab,"$12,748.7",-0.145,"$-1,205.1",-1.773,"$18,126","$61,240.7",-24,44000,-24,147
237,238,AutoZone,"$12,632",0.065,"$1,733",0.072,"$14,423.9","$30,946.3",30,80000,30,90
238,239,Loews,"$12,583",-0.157,$-931,-1.999,"$80,236","$13,698.3",-27,12200,-27,399
239,240,Illinois Tool Works,"$12,574",-0.109,"$2,109",-0.163,"$15,612","$70,106.7",-11,43000,-11,107
240,241,Fidelity National Information Services,"$12,552",0.215,$158,-0.47,"$83,842","$87,336.9",62,62000,62,229
241,242,Ross Stores,"$12,531.6",-0.219,$85.4,-0.949,"$12,717.9","$42,750.7",-40,93700,-40,273
242,243,Peter Kiewit Sons',"$12,463",0.212,$826,0.971,"$6,440",-,64,27000,64,-
243,244,Equitable Holdings,"$12,415",0.294,$-648,-,"$275,397","$14,207.5",89,12400,89,94
244,245,WESCO International,"$12,326",0.475,$100.6,-0.55,"$11,880.2","$4,340.5",134,18000,134,322
245,246,Goodyear Tire & Rubber,"$12,321",-0.164,"$-1,254",-,"$16,506","$4,099.1",-30,62000,-30,343
246,247,Fox,"$12,303",0.08,$999,-0.374,"$21,750","$21,022.2",33,9000,33,102
247,248,Leidos Holdings,"$12,297",0.108,$628,-0.058,"$12,511","$13,608.8",41,39000,41,280
248,249,Consolidated Edison,"$12,246",-0.026,"$1,101",-0.18,"$62,895","$25,613",7,14071,7,70
249,250,DTE Energy,"$12,177",-0.039,"$1,368",0.17,"$45,496","$25,792.8",3,10600,3,154
250,251,Charles Schwab,"$12,109",0.027,"$3,299",-0.109,"$549,009","$122,691.2",20,32000,20,218
251,252,State Street,"$12,078",-0.08,"$2,420",0.079,"$314,706","$29,553.6",-8,39439,-8,30
252,253,Ameriprise Financial,"$11,958",-0.087,"$1,534",-0.19,"$165,883","$27,103.5",-8,12300,-8,275
253,254,Viatris,"$11,946",-,$-669.9,-,"$61,553","$16,862.9",-,45000,-,167
254,255,Sempra Energy,"$11,940",-0.04,"$3,932",0.79,"$66,623","$40,132.8",3,14706,3,43
255,256,Farmers Insurance Exchange,"$11,869.7",-0.057,$-116.4,-3.105,"$17,853.3",-,-1,10004,-1,-
256,257,Bath & Body Works,"$11,846.9",-0.083,$844.5,-,"$11,571","$17,247.5",-9,57350,-9,307
257,258,W.W. Grainger,"$11,797",0.027,$695,-0.181,"$6,295","$20,985.1",20,22450,20,74
258,259,Community Health Systems,"$11,789",-0.108,$511,-,"$16,006","$1,752.4",-18,62500,-18,288
259,260,Ball,"$11,781",0.027,$585,0.034,"$18,252","$27,800.5",19,21500,19,225
260,261,Berry Global Group,"$11,709",0.319,$559,0.384,"$16,701","$8,221.1",97,47000,97,300
261,262,Kinder Morgan,"$11,700",-0.114,$119,-0.946,"$71,973","$37,703.1",-20,10524,-20,271
262,263,VF,"$11,688.1",-0.157,$679.4,-0.461,"$11,133.3","$31,305.8",-30,48000,-30,50
263,264,Baxter International,"$11,673",0.027,"$1,102",0.101,"$20,019","$42,656.8",18,50000,18,40
264,265,Textron,"$11,651",-0.145,$309,-0.621,"$15,443","$12,726",-29,33000,-29,159
265,266,LKQ,"$11,628.8",-0.07,$638.4,0.18,"$12,360.5","$12,801.2",-9,44000,-9,392
266,267,Keurig Dr Pepper,"$11,618",0.045,"$1,325",0.057,"$49,779","$48,367.8",21,27000,21,335
267,268,O'Reilly Automotive,"$11,604.5",0.143,"$1,752.3",0.26,"$11,596.6","$35,460.8",46,70179,46,399
268,269,Crown Holdings,"$11,575",-0.008,$579,0.135,"$16,670","$13,091.9",3,33264,3,393
269,270,Universal Health Services,"$11,558.9",0.016,$944,0.158,"$13,476.9","$11,350.6",11,78550,11,399
270,271,DaVita,"$11,550.6",-0.181,$773.6,-0.046,"$16,988.5","$11,790",-41,67000,-41,135
271,272,Xcel Energy,"$11,526",-,"$1,473",0.074,"$53,957","$35,759",4,11367,4,219
272,273,Newmont,"$11,497",0.18,"$2,829",0.009,"$41,369","$48,282.7",55,14300,55,277
273,274,Vistra,"$11,443",-0.031,$636,-0.315,"$25,208","$8,512",-4,5365,-4,224
274,275,IQVIA Holdings,"$11,359",0.024,$279,0.461,"$24,564","$37,034.4",15,70000,15,254
275,276,eBay,"$11,351",0.051,"$5,667",2.173,"$19,310","$41,670.5",19,12700,19,113
276,277,Corning,"$11,303",-0.017,$512,-0.467,"$30,775","$33,466.3",-,50110,-,249
277,278,Quanta Services,"$11,202.7",-0.075,$445.6,0.108,"$8,398.3","$12,173.4",-17,35800,-17,399
278,279,HollyFrontier,"$11,183.6",-0.36,$-601.4,-1.779,"$11,506.9","$5,811.2",-95,3891,-95,399
279,280,Bed Bath & Beyond,"$11,158.6",-0.072,$-613.8,-,"$7,790.5","$3,533.4",-15,55000,-15,364
280,281,Uber Technologies,"$11,139",-0.213,"$-6,768",-,"$33,252","$101,438",-53,22800,-53,37
281,282,Mutual of Omaha Insurance,"$11,098.4",0.061,$698.1,1.572,"$47,294",-,18,5526,18,-
282,283,Conagra Brands,"$11,054.4",0.159,$840.1,0.239,"$22,304","$18,370.6",51,16500,51,289
283,284,PulteGroup,"$11,036.1",0.081,"$1,406.8",0.384,"$12,205.5","$13,869.1",25,5249,25,399
284,285,EOG Resources,"$11,032",-0.365,$-604.6,-1.221,"$35,804.6","$42,331.9",-99,2900,-99,324
285,286,Group 1 Automotive,"$10,851.8",-0.099,$286.5,0.647,"$5,089.4","$2,855.3",-22,12337,-22,399
286,287,Ally Financial,"$10,780",-0.072,"$1,085",-0.367,"$182,165","$16,875.6",-14,9500,-14,222
287,288,Fidelity National Financial,"$10,778",0.273,"$1,427",0.344,"$50,455","$11,838.9",87,27058,87,318
288,289,Nordstrom,"$10,715",-0.31,$-690,-2.391,"$9,538","$5,974.8",-84,62000,-84,49
289,290,Discovery,"$10,671",-0.042,"$1,219",-0.411,"$34,087","$19,355.9",-3,9800,-3,317
290,291,Tractor Supply,"$10,620.4",0.272,$749,0.332,"$7,049.1","$20,576.8",89,32000,89,251
291,292,CSX,"$10,583",-0.113,"$2,765",-0.17,"$39,793","$73,230.6",-25,19282,-25,378
292,293,Marriott International,"$10,571",-0.496,$-267,-1.21,"$24,701","$48,220.2",-136,121000,-136,31
293,294,FirstEnergy,"$10,435",-0.038,"$1,079",0.183,"$44,464","$18,871.6",-,12153,-,379
294,295,BorgWarner,"$10,165",-,$500,-0.33,"$16,029","$11,081",17,49700,17,295
295,295,Jones Financial (Edward Jones),"$10,165",0.067,"$1,285",0.177,"$28,320",-,41,50000,41,293
296,297,Republic Services,"$10,153.6",-0.014,$967.2,-0.099,"$23,434","$31,682.5",8,35000,8,304
297,298,Henry Schein,"$10,119.1",-0.018,$403.8,-0.419,"$7,772.5","$9,850.7",6,19000,6,298
298,299,Expeditors Intl. of Washington,"$10,116.5",0.237,$696.1,0.179,"$4,927.5","$18,166.7",90,17480,90,399
299,300,Entergy,"$10,113.6",-0.07,"$1,388.3",0.119,"$58,239.2","$20,000.3",-7,13400,-7,371
300,301,Advance Auto Parts,"$10,106.3",0.041,$493,0.013,"$11,839.6","$12,006.1",29,54000,29,338
301,302,Assurant,"$10,094.8",0.001,$441.8,0.155,"$44,649.9","$8,208.9",13,13850,13,97
302,303,Pacific Life,"$10,062",-0.151,$-671,-1.926,"$190,672",-,-34,4083,-34,-
303,304,Lam Research,"$10,044.7",0.041,"$2,251.8",0.028,"$14,559","$85,064.7",27,11300,27,227
304,305,Boston Scientific,"$9,913",-0.077,$-82,-1.017,"$30,777","$54,903",-9,38000,-9,59
305,306,Altice USA,"$9,894.6",0.014,$436.2,2.139,"$33,376.7","$15,393.7",21,8900,21,399
306,307,Norfolk Southern,"$9,789",-0.133,"$2,013",-0.26,"$37,962","$67,418",-24,20156,-24,234
307,308,Sonic Automotive,"$9,767",-0.066,$-51.4,-1.357,"$3,746","$2,038",-7,8100,-7,454
308,309,Advanced Micro Devices,"$9,763",0.45,"$2,490",6.302,"$8,962","$95,346.7",139,12600,139,313
309,310,United States Steel,"$9,741",-0.247,"$-1,165",-,"$12,059","$7,034",-63,23350,-63,343
310,311,Markel,"$9,735.1",0.022,$816,-0.544,"$41,710.1","$15,699.6",24,18900,24,343
311,312,ODP,"$9,710",-0.088,$-319,-4.222,"$5,558","$2,317.1",-15,37000,-15,340
312,313,AES,"$9,660",-0.052,$46,-0.848,"$34,603","$18,180.2",-3,8162,-3,284
313,314,Molson Coors Beverage,"$9,654",-0.087,$-949,-4.926,"$27,331.1","$11,118.2",-16,17000,-16,282
314,315,J.B. Hunt Transport Services,"$9,636.6",0.051,$506,-0.02,"$5,928.3","$17,765.8",31,30309,31,343
315,316,KKR,"$9,629.7",0.056,"$2,002.5",-0.001,"$79,806.5","$42,352.6",33,1583,33,-
316,317,Hormel Foods,"$9,608.5",0.012,$908.1,-0.072,"$9,908.3","$25,808.3",20,19100,20,92
317,318,Public Service Enterprise Group,"$9,603",-0.047,"$1,905",0.125,"$50,050","$30,411.7",-1,12788,-1,247
318,319,Steel Dynamics,"$9,601.5",-0.083,$550.8,-0.179,"$9,265.6","$10,721.5",-20,9625,-20,398
319,320,Dick's Sporting Goods,"$9,584",0.095,$530.3,0.783,"$7,752.9","$6,798.8",42,33450,42,192
320,321,Mohawk Industries,"$9,552.2",-0.042,$515.6,-0.307,"$14,327.8","$13,505.2",-,42000,-,376
321,322,Murphy USA,"$9,504.3",-0.215,$386.1,1.494,"$2,685.7","$3,900.8",-60,7400,-60,399
322,323,Block,"$9,497.6",1.015,$213.1,-0.432,"$9,869.6","$103,220.3",252,5477,-,191
323,324,Quest Diagnostics,"$9,437",0.221,"$1,431",0.668,"$14,026","$17,127.6",86,44500,86,75
324,325,Newell Brands,"$9,385",-0.069,$-770,-8.223,"$14,700","$11,390.4",-9,31000,-9,104
325,326,Liberty Media,"$9,363",-0.09,"$-1,421",-14.406,"$44,004","$14,919.2",-20,7047,-20,325
326,327,Huntington Ingalls Industries,"$9,361",0.052,$696,0.268,"$8,157","$8,295.7",30,42000,30,343
327,328,Cheniere Energy,"$9,358",-0.038,$-85,-1.131,"$35,697","$18,256.6",1,1519,1,141
328,329,SpartanNash,"$9,348.5",0.095,$75.9,12.221,"$2,277.4",$709.3,41,14400,41,170
329,330,Alcoa,"$9,286",-0.11,$-170,-,"$14,860","$6,053.6",-28,12900,-28,194
330,331,AGCO,"$9,149.7",0.012,$427.1,2.411,"$8,504.2","$10,815.9",19,21426,19,399
331,332,Voya Financial,"$9,133",0.021,$-206,-,"$180,518","$7,878.5",21,5970,21,148
332,333,NRG Energy,"$9,093",-0.079,$510,-0.885,"$14,902","$9,232.1",-9,4104,-9,266
333,334,Interpublic Group,"$9,061",-0.114,$351.1,-0.465,"$18,042.7","$11,407.8",-26,50200,-26,-
334,335,Campbell Soup,"$9,050",-0.087,"$1,628",6.716,"$12,372","$15,232.3",-13,14500,-13,76
335,336,Southwest Airlines,"$9,048",-0.597,"$-3,074",-2.337,"$34,588","$36,066.8",-195,56537,-195,208
336,337,News Corp.,"$9,008",-0.106,"$-1,269",-9.187,"$14,261","$14,628.8",-19,23500,-19,399
337,338,Eversource Energy,"$8,904.4",0.044,"$1,205.2",0.326,"$46,099.6","$29,728.2",33,9299,33,193
338,339,Alleghany,"$8,896.7",-0.016,$101.8,-0.881,"$28,927","$8,750.3",12,10407,12,372
339,340,Air Products & Chemicals,"$8,856.3",-0.007,"$1,886.7",0.072,"$25,168.5","$62,254",15,19138,15,93
340,341,Auto-Owners Insurance,"$8,853.2",-0.115,$829.4,-0.387,"$29,755.6",-,-21,6329,-21,-
341,342,CenterPoint Energy,"$8,835",-0.282,$-773,-1.977,"$33,471","$12,493.3",-82,9541,-82,369
342,343,Reliance Steel & Aluminum,"$8,811.9",-0.197,$369.1,-0.474,"$8,106.8","$9,685.9",-52,13000,-52,399
343,344,EMCOR Group,"$8,797.1",-0.041,$132.9,-0.591,"$5,063.8","$6,146",-,33000,-,399
344,345,Owens & Minor,"$8,706.9",-0.098,$29.9,-,"$3,335.6","$2,763",-13,18800,-13,399
345,346,Mosaic,"$8,681.7",-0.025,$666.1,-,"$19,789.8","$11,983.1",10,12617,10,267
346,347,Erie Insurance Group,"$8,666",0.026,"$1,173.1",1.129,"$25,381.1",-,29,5849,29,-
347,348,Genworth Financial,"$8,658",-0.003,$178,-0.481,"$105,747","$1,679.2",16,3000,16,307
348,349,Amphenol,"$8,598.9",0.045,"$1,203.4",0.042,"$12,327.3","$39,526.2",37,80000,37,210
349,350,Builders FirstSource,"$8,558.9",0.176,$313.5,0.414,"$4,173.7","$9,572.2",75,26000,75,399
350,351,Oneok,"$8,542.2",-0.16,$612.8,-0.521,"$23,078.8","$22,542.9",-38,2886,-38,202
351,352,United Rentals,"$8,530",-0.088,$890,-0.242,"$17,868","$23,819",-12,18250,-12,233
352,353,Brighthouse Financial,"$8,503",0.297,"$-1,061",-,"$247,869","$3,866.5",104,1400,104,399
353,354,Regeneron Pharmaceuticals,"$8,497.1",0.081,"$3,513.2",0.66,"$17,163.3","$50,688.4",51,9123,51,174
354,355,Eastman Chemical,"$8,473",-0.086,$478,-0.37,"$16,083","$15,033.2",-12,14500,-12,171
355,356,CommScope Holding,"$8,435.9",0.011,$-573.4,-,"$13,576.8","$3,124.2",25,30000,25,235
356,357,Ryder System,"$8,420.1",-0.057,$-122.3,-,"$12,932","$4,072",-3,39000,-3,399
357,358,Fifth Third Bancorp,"$8,402",-0.142,"$1,427",-0.432,"$204,680","$26,628.6",-33,19872,-33,177
358,359,Constellation Brands,"$8,343.5",0.028,$-11.8,-1.003,"$27,323.2","$44,247.5",33,9000,33,386
359,360,Insight Enterprises,"$8,340.6",0.079,$172.6,0.083,"$4,310.7","$3,349.5",49,11006,49,292
360,361,Global Partners,"$8,321.6",-0.364,$102.2,1.85,"$2,540.5",$726.1,-115,2958,-115,399
361,362,Univar Solutions,"$8,265",-0.125,$52.9,-,"$6,355","$3,650.6",-23,9457,-23,373
362,363,Yum China Holdings,"$8,263",-0.058,$784,0.1,"$10,875","$24,892.3",-2,271000,-2,294
363,364,Targa Resources,"$8,260.3",-0.047,"$-1,553.9",-,"$15,875.7","$7,259.8",1,2372,1,366
364,365,Intercontinental Exchange,"$8,244",0.259,"$2,089",0.081,"$126,200","$62,843.7",94,8890,94,297
365,366,Andersons,"$8,208.4",0.005,$7.7,-0.579,"$4,272.1",$921.9,24,2294,24,454
366,367,Raymond James Financial,"$8,168",0.018,$818,-0.209,"$47,482","$16,877.9",29,14800,29,386
367,368,Thor Industries,"$8,167.9",0.039,$223,0.673,"$5,771.5","$7,460",36,22250,36,374
368,369,Thrivent Financial for Lutherans,"$8,152.7",-0.053,$637,-0.342,"$110,151.7",-,-1,3386,-1,-
369,370,Hershey,"$8,149.7",0.02,"$1,278.7",0.112,"$9,131.8","$32,765.3",28,16040,28,69
370,371,Casey's General Stores,"$8,112.3",-0.03,$263.8,0.294,"$3,943.9","$7,987.6",7,27218,7,256
371,372,W.R. Berkley,"$8,098.9",0.025,$530.7,-0.222,"$28,606.9","$13,364.2",30,7495,30,130
372,373,Activision Blizzard,"$8,086",0.246,"$2,197",0.462,"$23,109","$72,052.1",90,9500,90,399
373,374,Western & Southern Financial Group,"$8,057.9",0.017,$204.4,-0.165,"$57,595.4",-,27,2729,27,-
374,375,American Tower,"$8,041.5",0.061,"$1,690.6",-0.104,"$47,233.5","$106,234.5",39,5618,39,367
375,376,American Financial Group,"$7,909",-0.04,$732,-0.184,"$73,566","$9,858.2",7,7300,7,399
376,377,Darden Restaurants,"$7,806.9",-0.083,$-52.4,-1.073,"$9,946.1","$18,506.6",-5,177895,-5,334
377,378,J.M. Smucker,"$7,801",-0.005,$779.5,0.515,"$16,970.4","$13,865.9",29,7300,29,164
378,379,Williams,"$7,719",-0.059,$211,-0.752,"$44,165","$28,777.6",8,4739,8,216
379,380,Intuit,"$7,679",0.132,"$1,826",0.173,"$10,931","$104,897.1",65,11950,65,55
380,381,Citizens Financial Group,"$7,676",-0.048,"$1,057",-0.41,"$183,349","$18,768.4",14,17584,14,143
381,382,PPL,"$7,607",-0.021,"$1,469",-0.159,"$48,116","$22,177.5",26,12318,26,240
382,383,NVR,"$7,566",0.019,$901.2,0.026,"$5,777.1","$17,318",34,6100,34,330
383,384,Westinghouse Air Brake Technologies,"$7,556.1",-0.079,$414.4,0.268,"$18,454.5","$14,953",4,27000,4,158
384,385,Foot Locker,"$7,548",-0.057,$323,-0.342,"$7,043","$5,809.4",12,33522,12,196
385,386,Cincinnati Financial,"$7,536.3",-0.049,"$1,216.4",-0.391,"$27,541.7","$16,601.6",14,5266,14,198
386,387,Weyerhaeuser,"$7,532",0.149,$797,-,"$16,311","$26,655.3",70,9372,70,396
387,388,Westlake Chemical,"$7,504",-0.076,$330,-0.216,"$13,835","$11,350.4",3,9220,3,399
388,389,Navistar International,"$7,503",-0.333,$-347,-2.57,"$6,637","$4,390.5",-105,12100,-105,399
389,390,Magellan Health,"$7,501.5",0.048,$382.3,5.839,"$3,359.9","$2,421",42,9000,42,399
390,391,Booz Allen Hamilton Holding,"$7,463.8",0.113,$482.6,0.153,"$4,794","$11,089.5",59,27200,59,187
391,392,Autoliv,"$7,447.4",-0.129,$186.9,-0.595,"$8,156.8","$8,112.8",-23,64716,-23,380
392,393,S&P Global,"$7,442",0.111,"$2,339",0.102,"$12,537","$85,001.6",58,23000,58,129
393,394,Global Payments,"$7,423.6",0.511,$584.5,0.357,"$44,201.5","$59,484.3",159,24000,-,399
394,395,Motorola Solutions,"$7,414",-0.06,$949,0.093,"$10,876","$31,785.8",8,18000,8,212
395,396,KeyCorp,"$7,337",-0.046,"$1,343",-0.218,"$170,336","$19,182",15,16826,15,99
396,397,Delek US Holdings,"$7,301.8",-0.215,$-608,-2.958,"$6,134.1","$1,609",-55,3532,-55,399
397,398,Masco,"$7,289",-0.115,"$1,224",0.309,"$5,777","$15,208.8",-14,18000,-14,-
398,399,Graybar Electric,"$7,265.7",-0.034,$121.8,-0.157,"$2,551.2",-,16,8200,16,-
399,400,WEC Energy Group,"$7,241.7",-0.037,"$1,199.9",0.058,"$37,028.1","$29,521.5",16,7273,16,312
400,401,Old Republic International,"$7,166",-0.007,$558.6,-0.471,"$22,815.2","$6,650.3",26,9000,26,453
401,402,Frontier Communications,"$7,155",-0.117,$-402,-,"$16,795",$29.3,-9,16200,-9,454
402,403,Chewy,"$7,146.3",0.474,$-92.5,-,"$1,740.9","$35,176.9",156,18500,-,454
403,404,PVH,"$7,132.6",-0.28,"$-1,136.1",-3.723,"$13,293.5","$7,522.7",-82,26500,-82,9
404,405,Asbury Automotive Group,"$7,131.8",-0.011,$254.4,0.38,"$3,676.3","$3,798.1",23,7750,23,399
405,406,Seaboard,"$7,126",0.042,$283,-,"$6,399","$4,283.3",38,13100,38,-
406,407,Polaris,"$7,108.3",0.036,$124.8,-0.615,"$4,632.7","$8,179.3",35,15000,35,250
407,408,Dana,"$7,106",-0.176,$-31,-1.137,"$7,376","$3,529.4",-41,38200,-41,382
408,409,First American Financial,"$7,086.7",0.143,$696.4,-0.016,"$12,796","$6,216.5",67,19597,67,151
409,410,Cintas,"$7,085.1",0.028,$876,-0.01,"$7,669.9","$35,850.9",31,40000,31,343
410,411,Toll Brothers,"$7,077.7",-0.02,$446.6,-0.243,"$11,065.7","$6,984.8",15,4500,15,343
411,412,Science Applications International,"$7,056",0.106,$209,-0.075,"$5,723","$4,853.8",54,26134,54,226
412,413,Owens Corning,"$7,055",-0.015,$-383,-1.946,"$9,481","$9,662.7",18,19000,18,65
413,414,Zimmer Biomet Holdings,"$7,024.5",-0.12,$-138.9,-1.123,"$24,417.7","$33,347.3",-15,20000,-15,454
414,415,Xerox Holdings,"$7,022",-0.232,$192,-0.858,"$14,741","$4,821.3",-68,24700,-68,-
415,416,Arthur J. Gallagher,"$7,003.6",-0.027,$818.8,0.224,"$22,331.4","$24,353.4",13,32401,13,200
416,417,Avery Dennison,"$6,971.5",-0.014,$555.9,0.831,"$6,083.9","$15,246.5",18,32000,18,134
417,418,Sanmina,"$6,960.4",-0.155,$139.7,-0.013,"$3,772.7","$2,686.7",-33,33500,-33,342
418,419,Jefferies Financial Group,"$6,955.9",0.298,$775.2,-0.196,"$53,118.4","$7,524.6",101,4945,-,394
419,420,Beacon Roofing Supply,"$6,943.9",-0.023,$-80.9,-,"$6,957.5","$3,631.4",14,7582,14,399
420,421,Securian Financial Group,"$6,870.4",0.041,$243.3,-0.441,"$68,059.3",-,34,6537,34,244
421,422,Oshkosh,"$6,856.8",-0.182,$324.5,-0.44,"$5,815.9","$8,114.5",-45,14400,-45,281
422,423,FM Global,"$6,798",0.008,"$1,731.9",-0.301,"$27,975.7",-,24,5625,24,-
423,424,Booking Holdings,"$6,796",-0.549,$59,-0.988,"$21,874","$95,434.4",-214,20199,-214,290
424,425,Williams-Sonoma,"$6,783.2",0.15,$680.7,0.912,"$4,661.4","$13,653.8",64,16600,64,343
425,426,Coty,"$6,737.9",-0.221,"$-1,006.7",-,"$16,728.8","$6,908.8",-60,18260,-60,165
426,427,Clorox,"$6,721",0.082,$939,0.145,"$6,213","$24,262.6",47,8800,47,155
427,428,Pioneer Natural Resources,"$6,685",-0.283,$-200,-1.259,"$19,229","$34,397.3",-87,1853,-87,206
428,429,Dover,"$6,683.8",-0.063,$683.5,0.008,"$9,152.1","$19,727.1",4,23000,4,263
429,430,CMS Energy,"$6,680",-0.024,$755,0.11,"$29,666","$17,718.7",13,8493,13,197
430,431,Zoetis,"$6,675",0.066,"$1,638",0.092,"$13,609","$74,829.2",41,11300,41,381
431,432,Hanesbrands,"$6,664.4",-0.043,$-75.6,-1.126,"$7,698.9","$6,865",4,61000,4,330
432,433,Packaging Corp. of America,"$6,658.2",-0.044,$461,-0.338,"$7,433.2","$12,775",4,15200,4,390
433,434,Regions Financial,"$6,655",-0.015,"$1,094",-0.308,"$147,389","$19,847.5",12,19406,12,89
434,435,Graphic Packaging Holding,"$6,559.9",0.065,$167.3,-0.191,"$7,804.6","$4,862.4",42,18775,42,337
435,436,UGI,"$6,559",-0.104,$532,1.077,"$13,985","$8,552.8",-13,11300,-13,287
436,437,Sprouts Farmers Market,"$6,468.8",0.148,$287.5,0.921,"$2,806.4","$3,139.9",65,33000,-,176
437,438,Avantor,"$6,393.6",0.058,$116.6,2.085,"$9,906.5","$16,631.4",46,12400,46,303
438,439,Veritiv,"$6,345.6",-0.172,$34.2,-,"$2,335",$679.5,-27,6400,-27,399
439,440,Rockwell Automation,"$6,329.8",-0.055,"$1,023.4",0.471,"$7,264.7","$30,832.2",12,23500,12,223
440,441,MasTec,"$6,321",-0.12,$322.8,-0.177,"$5,227.8","$6,953.4",-11,18000,-11,322
441,442,DCP Midstream,"$6,302",-0.174,$-306,-19,"$12,957","$4,513.1",-29,1837,-29,-
442,443,Northern Trust,"$6,301.1",-0.086,"$1,209.3",-0.19,"$170,003.9","$21,854.2",-3,20900,-3,201
443,444,M&T Bank,"$6,281.2",-0.095,"$1,353.2",-0.299,"$142,601.1","$19,502.2",-6,17046,-6,252
444,445,Realogy Holdings,"$6,221",0.06,$-360,-,"$6,934","$1,767.4",45,9335,45,386
445,446,NCR,"$6,207",-0.102,$-79,-1.14,"$8,414","$4,943.2",-7,36000,-7,343
446,447,T. Rowe Price,"$6,206.7",0.105,"$2,372.7",0.113,"$10,659","$39,031",57,7678,-,119
447,448,Vertex Pharmaceuticals,"$6,205.7",0.491,"$2,711.6",1.304,"$11,751.8","$55,862.8",178,3400,-,98
448,449,Big Lots,"$6,199.2",0.165,$629.2,1.595,"$4,037.3","$2,394.3",77,23900,-,399
449,450,Ralph Lauren,"$6,159.8",-0.024,$384.3,-0.108,"$7,279.9","$9,005.3",19,19300,19,87
450,451,Ulta Beauty,"$6,152",-0.168,$175.8,-0.751,"$5,090","$17,377.1",-33,26500,-33,399
451,452,Taylor Morrison Home,"$6,129.3",0.287,$243.4,-0.044,"$7,738","$3,969.2",115,2700,-,291
452,453,Icahn Enterprises,"$6,123",-0.319,"$-1,653",-,"$24,987","$12,964.7",-101,23833,-101,-
453,454,Blackstone Group,"$6,101.9",-0.168,"$1,045.4",-0.49,"$26,269.3","$50,966.6",-34,3165,-34,243
454,455,O-I Glass,"$6,091",-0.09,$249,-,"$8,882","$2,327.1",-2,25000,-2,-
455,456,Fortune Brands Home & Security,"$6,090.3",0.057,$553.1,0.281,"$7,358.7","$13,264.2",38,27505,38,336
456,457,NOV,"$6,090",-0.282,"$-2,542",-,"$9,929","$5,326.3",-83,27631,-83,454
457,458,Ovintiv,"$6,087",-0.095,"$-6,097",-27.056,"$14,469","$6,219.6",-9,1916,-9,339
458,459,Alexion Pharmaceuticals,"$6,069.9",0.216,$603.4,-0.749,"$18,103","$33,596.1",88,3837,-,329
459,460,Huntsman,"$6,025",-0.278,"$1,034",0.84,"$8,713","$6,390.1",-78,9000,-78,383
460,461,Equinix,"$5,998.5",0.078,$369.8,-0.271,"$27,006.8","$60,679.1",48,10013,-,319
461,462,ABM Industries,"$5,987.6",-0.079,$0.3,-0.998,"$3,776.9","$3,422.2",-,114000,-,85
462,463,Ingredion,"$5,987",-0.036,$348,-0.157,"$6,858","$6,034.6",12,12000,12,261
463,464,Chipotle Mexican Grill,"$5,984.6",0.071,$355.8,0.016,"$5,982.9","$39,987.7",42,88000,-,399
464,465,Sinclair Broadcast Group,"$5,943",0.402,"$-2,414",-52.362,"$13,382","$2,167",157,11600,-,454
465,466,LPL Financial Holdings,"$5,871.6",0.044,$472.6,-0.156,"$6,523.6","$11,358.6",37,4756,-,109
466,467,Crown Castle International,"$5,840",0.013,"$1,056",0.228,"$38,768","$74,392.4",29,4900,29,391
467,468,KLA,"$5,806.4",0.271,"$1,216.8",0.035,"$9,280","$50,906.3",120,10600,-,-
468,469,Ameren,"$5,794",-0.02,$871,0.052,"$32,030","$20,780.2",19,9183,19,286
469,470,KBR,"$5,767",0.023,$-72,-1.356,"$5,705","$5,407",31,29000,-,343
470,471,Burlington Stores,"$5,764",-0.209,$-216.5,-1.465,"$6,781.1","$19,835.9",-47,35246,-47,221
471,472,Olin,"$5,758",-0.058,$-969.9,-,"$8,270.9","$6,024.1",9,8000,9,253
472,473,CACI International,"$5,720",0.147,$321.5,0.21,"$5,542.5","$6,223.5",76,22900,-,399
473,474,Post Holdings,"$5,698.7",0.003,$0.8,-0.994,"$12,146.7","$6,804.9",25,10200,25,255
474,475,Academy Sports and Outdoors,"$5,689.2",0.178,$308.8,1.572,"$4,384.5","$2,459.2",-,16500,-,161
475,476,Arconic,"$5,675",-,$-109,-,"$6,314","$2,792.7",-,13400,-,269
476,477,Celanese,"$5,655",-0.102,"$1,985",1.33,"$10,909","$17,104.5",-7,7658,-7,316
477,478,Yum Brands,"$5,652",0.01,$904,-0.301,"$5,852","$32,460",27,38000,-,116
478,479,Fastenal,"$5,647.3",0.059,$859.1,0.086,"$3,964.7","$28,877.9",46,20365,-,399
479,480,Nasdaq,"$5,627",0.32,$933,0.205,"$17,979","$24,300.8",140,4830,-,95
480,481,Analog Devices,"$5,603.1",-0.065,"$1,220.8",-0.104,"$21,468.6","$57,208",6,15900,6,144
481,482,McCormick,"$5,601.3",0.047,$747.4,0.064,"$12,089.7","$23,808.9",41,13000,-,100
482,483,Carvana,"$5,586.6",0.418,$-171.1,-,"$3,034.5","$45,475.4",168,10400,-,343
483,484,Franklin Resources,"$5,566.5",-0.036,$798.9,-0.332,"$20,220.9","$14,960",9,11800,9,118
484,485,Electronic Arts,"$5,537",0.119,"$3,039",1.982,"$11,112","$38,935.9",65,9800,-,307
485,486,MDU Resources Group,"$5,532.8",0.037,$390.2,0.163,"$8,053.4","$6,359.8",38,12994,-,397
486,487,Select Medical Holdings,"$5,531.7",0.014,$259,0.745,"$7,655.4","$4,598",28,42350,-,399
487,488,Roper Technologies,"$5,527.1",0.03,$949.7,-0.463,"$24,024.8","$42,326.3",30,18400,-,399
488,489,RPM International,"$5,507",-0.01,$304.4,0.142,"$5,631","$11,949.9",19,14621,-,394
489,490,Cerner,"$5,505.8",-0.033,$780.1,0.473,"$7,521.1","$22,016.4",8,26400,8,330
490,491,Patterson,"$5,490",-0.015,$-588.4,-8.036,"$2,715.4","$3,087.5",16,7800,-,270
491,492,Commercial Metals,"$5,476.5",-0.06,$279.5,0.411,"$4,081.7","$3,716.5",-1,11297,-1,399
492,493,Boise Cascade,"$5,474.8",0.179,$175,1.162,"$1,965.7","$2,353.1",86,6040,-,375
493,494,Hasbro,"$5,465.4",0.158,$222.5,-0.572,"$10,818.4","$13,202.2",80,6822,-,72
494,495,A-Mark Precious Metals,"$5,461.1",0.142,$30.5,12.712,$758,$360.2,70,218,-,399
495,496,Camping World Holdings,"$5,446.6",0.113,$122.3,-,"$3,256.4","$3,452.5",59,11427,-,399
496,497,NetApp,"$5,412",-0.119,$819,-0.299,"$7,522","$16,176.4",-19,10800,-19,265
497,498,Avis Budget Group,"$5,402",-0.411,$-684,-3.265,"$17,538","$5,067.6",-153,17500,-153,33
498,499,R.R. Donnelley & Sons,"$5,398.8",-0.14,$98.5,-,"$3,130.9",$289.9,-28,33000,-28,454
499,500,Moody's,"$5,371",0.112,"$1,778",0.25,"$12,409","$55,884.8",61,11490,-,110
500,501,Cleveland-Cliffs,"$5,354",1.691,$-122,-1.417,"$16,771","$10,033",-,25000,-,-
501,502,Agilent Technologies,"$5,339",0.034,$719,-0.329,"$9,627","$38,739.2",35,16400,-,-
502,503,Tutor Perini,"$5,318.8",0.195,$108.4,-,"$5,045.6",$964.8,97,8700,-,-
503,504,ADT,"$5,314.8",0.037,$-632.2,-,"$16,116.9","$6,893.6",37,20500,-,-
504,505,Microchip Technology,"$5,274.2",-0.014,$570.6,0.603,"$17,426.1","$41,794.8",17,18000,-,-
505,506,Michaels,"$5,271.1",0.039,$294.9,0.082,"$4,528.4","$3,108",38,28000,-,-
506,507,Howmet Aerospace,"$5,259",-0.629,$261,-0.445,"$11,443","$13,932",-281,19700,-,-
507,508,Hertz Global Holdings,"$5,258",-0.462,"$-1,714",-,"$16,908",$268.7,-182,24000,-,-
508,509,ON Semiconductor,"$5,255",-0.048,$234.2,0.106,"$8,668","$17,138.4",3,32750,-,-
509,510,Huntington Bancshares,"$5,238",-0.074,$817,-0.421,"$123,038","$16,071.9",-10,15578,-,-
510,511,Sonoco Products,"$5,237.4",-0.025,$207.5,-0.289,"$5,277.3","$6,367.8",6,20000,-,-
511,512,Telephone & Data Systems,"$5,225",0.009,$226,0.868,"$12,525","$2,625.8",24,9200,-,-
512,513,Chesapeake Energy,"$5,210",-0.386,-,-,"$6,584","$4,248.2",-140,1300,-,-
513,514,Kemper,"$5,205.7",0.033,$409.9,-0.228,"$14,341.9","$5,229.2",31,9500,-,-
514,515,Expedia Group,"$5,199",-0.569,"$-2,612",-5.623,"$18,690","$24,762",-252,19100,-,-
515,516,TransDigm Group,"$5,182",-0.061,$699,-0.214,"$18,395","$32,152.7",-3,14200,-,-
516,517,MGM Resorts International,"$5,162.1",-0.6,"$-1,032.7",-1.504,"$36,494.9","$18,805.2",-268,48500,-,-
517,518,UFP Industries,"$5,154",0.167,$246.8,0.374,"$2,404.9","$4,683.3",88,12000,-,-
518,519,Robert Half International,"$5,109",-0.159,$306.3,-0.326,"$2,557.4","$8,831.7",-37,13000,-,-
519,520,Devon Energy,"$5,091",-0.309,"$-2,680",-,"$9,912","$14,707.2",-101,1400,-,-
520,521,GameStop,"$5,089.8",-0.213,$-215.3,-,"$2,472.6","$13,275.2",-57,22000,-,-
521,522,International Flavors & Fragrances,"$5,084.2",-0.011,$363.2,-0.203,"$13,555.7","$34,741.5",18,13700,-,-
522,523,Resideo Technologies,"$5,071",0.017,$37,0.028,"$5,610","$4,043.7",25,14700,-,-
523,524,Watsco,"$5,054.9",0.06,$269.6,0.096,"$2,484.3","$10,068.2",42,5800,-,-
524,525,Amkor Technology,"$5,050.6",0.246,$338.1,1.797,"$5,022.3","$5,769.6",114,29050,-,-
525,526,Coca-Cola Consolidated,"$5,007.4",0.037,$172.5,14.164,"$3,222.5","$2,706.9",36,14900,-,-
526,527,Chemours,"$4,969",-0.101,$219,-,"$7,082","$4,610.6",-16,6500,-,-
527,528,Tapestry,"$4,961.4",-0.177,$-652.1,-2.014,"$7,924.2","$11,449.7",-43,14850,-,-
528,529,UWM Holdings,"$4,938.6",2.863,"$3,382.5",7.15,"$11,493.5","$12,729",-,7500,-,-
529,530,Silgan Holdings,"$4,921.9",0.096,$308.7,0.593,"$6,511.6","$4,625.7",65,15610,-,-
530,531,Petco Health and Wellness,"$4,920.2",0.11,$-26.5,-,"$6,075.7","$6,692.4",-,27081,-,-
531,532,Evergy,"$4,913.4",-0.046,$618.3,-0.077,"$27,114.8","$13,512.9",7,5133,-,-
532,533,Ingersoll Rand,"$4,910.2",1.003,$-33.3,-1.209,"$16,058.6","$20,607.4",348,15900,-,-
533,534,Sealed Air,"$4,903.2",0.023,$502.9,0.912,"$6,083.8","$7,098.4",30,16500,-,-
534,535,Church & Dwight,"$4,895.8",0.123,$785.9,0.276,"$7,414.5","$21,408.4",76,5100,-,-
535,536,OneMain Holdings,"$4,894",0.031,$730,-0.146,"$22,471","$7,217.2",34,8300,-,-
536,537,CME Group,"$4,883.6",0.003,"$2,105.2",-0.005,"$124,659.6","$73,330",21,4370,-,-
537,538,Xylem,"$4,876",-0.071,$254,-0.367,"$8,750","$18,932.7",-8,16150,-,-
538,539,Vulcan Materials,"$4,856.8",-0.015,$584.5,-0.054,"$11,686.9","$22,387",12,8847,-,-
539,540,TravelCenters of America,"$4,846",-0.208,$-13.9,-1.417,"$3,443.9",$395.3,-60,16374,-,-
540,541,Western Union,"$4,835",-0.086,$744.3,-0.297,"$9,496.3","$10,133.3",-13,11000,-,-
541,542,Hanover Insurance Group,"$4,827.3",-0.014,$358.7,-0.156,"$13,443.7","$4,709.8",12,4300,-,-
542,543,Hess,"$4,804",-0.262,"$-3,093",-,"$18,821","$21,722.4",-82,1621,-,-
543,544,Globe Life,"$4,737.9",0.046,$731.8,-0.038,"$29,046.7","$11,203.5",48,3261,-,-
544,545,Rush Enterprises,"$4,735.9",-0.185,$114.9,-0.189,"$2,985.4","$2,685.6",-53,6307,-,-
545,546,Martin Marietta Materials,"$4,729.9",-0.002,$721,0.178,"$10,580.8","$20,917.1",26,8700,-,-
546,547,American Axle & Manufacturing,"$4,710.8",-0.279,$-561.3,-,"$5,916.3","$1,100.4",-87,20000,-,-
547,548,Windstream Holdings II,"$4,688.9",-0.083,-,-,"$9,421.1",-,-5,11945,-,-
548,549,NiSource,"$4,681.7",-0.101,$-17.6,-1.046,"$22,040.5","$9,447.7",-16,7345,-,-
549,550,PPD,"$4,681.5",0.161,$153.7,2.214,"$6,293.8","$13,260.2",91,26000,-,-
550,551,Knight-Swift Transportation Holdings,"$4,673.9",-0.035,$410,0.326,"$8,468","$7,966.1",9,22800,-,-
551,552,SS&C Technologies Holdings,"$4,667.9",0.008,$625.2,0.426,"$15,923.6","$18,005.2",28,24600,-,-
552,553,Domtar,"$4,647",-0.11,$-127,-2.512,"$4,856","$1,856.2",-21,6600,-,-
553,554,Encompass Health,"$4,644.4",0.009,$284.2,-0.208,"$6,445.9","$8,129.9",29,35536,-,-
554,555,FMC,"$4,642.1",-0.004,$551.5,0.155,"$10,186.4","$14,325",23,6400,-,-
555,556,Fortive,"$4,634.4",-0.367,"$1,613.3",1.183,"$16,051.5","$23,881.5",-134,17000,-,-
556,557,Cornerstone Building Brands,"$4,617.4",-0.056,$-482.8,-,"$5,478.5","$1,757.4",-1,20230,-,-
557,558,Skechers U.S.A.,"$4,613.4",-0.12,$98.6,-0.716,"$5,812.4","$6,579.6",-27,8800,-,-
558,559,Ingles Markets,"$4,610.6",0.097,$178.6,1.189,"$1,899.3","$1,245.3",64,18765,-,-
559,560,Simon Property Group,"$4,607.5",-0.199,"$1,112.6",-0.471,"$34,786.8","$37,338.1",-63,2850,-,-
560,561,Welltower,"$4,606",-0.101,$978.8,-0.206,"$32,483.6","$29,897.1",-19,423,-,-
561,562,Monster Beverage,"$4,598.6",0.095,"$1,409.6",0.272,"$6,202.7","$48,108",62,3340,-,-
562,563,Mattel,"$4,583.7",0.018,$126.6,-,"$5,521.1","$6,935.5",30,32100,-,-
563,564,TreeHouse Foods,"$4,570.5",-0.072,$13.8,-,"$5,485.7","$2,921.2",-12,10900,-,-
564,565,Schneider National,"$4,552.8",-0.041,$211.7,0.44,"$3,516.2","$4,461",6,15225,-,-
565,566,Ametek,"$4,540",-0.12,$872.4,0.013,"$10,357.5","$29,480.1",-28,16500,-,-
566,567,PennyMac Financial Services,"$4,536",0.995,"$1,646.9",3.191,"$31,597.8","$4,630.4",-,6632,-,-
567,568,Broadridge Financial Solutions,"$4,529",0.038,$462.5,-0.041,"$4,889.8","$17,728.8",42,12000,-,-
568,569,Alliance Data Systems,"$4,521.4",-0.313,$213.7,-0.231,"$22,547.1","$5,570.3",-113,8000,-,-
569,570,ServiceNow,"$4,519.5",0.306,$118.5,-0.811,"$8,715.1","$98,071.6",133,13096,-,-
570,571,Kelly Services,"$4,516",-0.157,$-72,-1.641,"$2,561.9",$875.4,-50,7100,-,-
571,572,Greif,"$4,515",-0.017,$108.8,-0.364,"$5,510.9","$2,771.7",12,16000,-,-
572,573,Yellow,"$4,513.7",-0.073,$-53.5,-,"$2,185.8",$449.9,-16,30000,-,-
573,574,First Republic Bank,"$4,506.9",0.084,"$1,064.2",0.144,"$142,502.1","$29,390",53,5483,-,-
574,575,Perspecta,"$4,504",-,$-676,-,"$5,405","$4,679.1",-,14000,-,-
575,576,Nexstar Media Group,"$4,501.3",0.481,$811.4,2.524,"$13,404.3","$6,092.5",199,11749,-,-
576,577,Meritage Homes,"$4,501.2",0.228,$423.5,0.696,"$3,864.4","$3,448.1",96,1570,-,-
577,578,Under Armour,"$4,474.7",-0.15,$-549.2,-6.96,"$5,030.6","$9,161.9",-49,11800,-,-
578,579,Warner Music Group,"$4,463",-0.003,$-475,-2.855,"$6,410","$17,657.7",19,5500,-,-
579,580,Levi Strauss,"$4,452.6",-0.227,$-127.1,-1.322,"$5,641.2","$9,559.8",-85,14800,-,-
580,581,Zebra Technologies,"$4,448",-0.008,$504,-0.074,"$5,375","$25,941.3",15,8800,-,-
581,582,Juniper Networks,"$4,445.1",-,$257.8,-0.253,"$9,378.3","$8,285.1",19,9950,-,-
582,583,loanDepot,"$4,443.6",2.028,"$2,013.1",57.487,"$10,893.2","$6,089.1",-,11763,-,-
583,584,Prologis,"$4,438.7",0.333,"$1,481.8",-0.058,"$56,065","$78,412.9",143,1945,-,-
584,585,Dillard's,"$4,433.2",-0.301,$-71.7,-1.645,"$3,092.5","$2,123.7",-117,24000,-,-
585,586,Syneos Health,"$4,415.8",-0.056,$192.8,0.469,"$8,063.3","$7,905.1",-9,24386,-,-
586,587,Lululemon Athletica,"$4,401.9",0.106,$588.9,-0.088,"$4,185.2","$39,985.1",-,25000,-,-
587,588,Flowers Foods,"$4,388",0.064,$152.3,-0.074,"$3,323","$5,038.5",43,9200,-,-
588,589,Edwards Lifesciences,"$4,386.3",0.009,$823.4,-0.213,"$7,237.1","$52,027.1",24,14900,-,-
589,590,Vertiv Holdings,"$4,370.6",-0.014,$-183.6,-,"$5,073.8","$7,028.8",13,20972,-,-
590,591,Intuitive Surgical,"$4,358.4",-0.027,"$1,060.6",-0.231,"$11,168.9","$87,474.3",6,8081,-,-
591,592,Brunswick,"$4,347.5",-0.046,$372.7,-,"$3,770.6","$7,436.2",-2,14382,-,-
592,593,Covetrus,"$4,339",-,$-19,-,"$3,496","$4,084.1",-,5466,-,-
593,594,Workday,"$4,318",0.19,$-282.4,-,"$8,718.4","$60,368.5",82,12500,-,-
594,595,APA,"$4,308",-0.328,"$-4,860",-,"$12,746","$6,765.6",-130,2272,-,-
595,596,Hilton Worldwide Holdings,"$4,307",-0.544,$-715,-1.812,"$16,755","$33,568.3",-258,141000,-,-
596,597,Insperity,"$4,287",-0.006,$138.2,-0.085,"$1,584.3","$3,199.9",18,3600,-,-
597,598,Leggett & Platt,"$4,280.2",-0.099,$247.6,-0.258,"$4,754","$6,070.9",-29,20400,-,-
598,599,Carlisle,"$4,245.2",-0.118,$320.1,-0.323,"$5,866.4","$8,670",-36,12500,-,-
599,600,JELD-WEN Holding,"$4,235.7",-0.013,$91.6,0.454,"$3,964.7","$2,770",18,23000,-,-
600,601,Keysight Technologies,"$4,221",-0.019,$627,0.01,"$7,218","$26,684.5",16,13900,-,-
601,602,Hubbell,"$4,186",-0.088,$351.2,-0.124,"$5,085.1","$10,151.3",-16,19100,-,-
602,603,KB Home,"$4,183.2",-0.081,$296.2,0.102,"$5,356.4","$4,268",-12,1776,-,-
603,604,Conduent,"$4,163",-0.068,$-118,-,"$4,256","$1,412.9",-5,63000,-,-
604,605,Iron Mountain,"$4,147.3",-0.027,$342.7,0.282,"$14,149.3","$10,674.5",14,24000,-,-
605,606,Landstar System,"$4,136.4",0.011,$192.1,-0.156,"$1,653.8","$6,339.7",29,1320,-,-
606,607,Scotts Miracle-Gro,"$4,131.6",0.309,$387.4,-0.159,"$3,380.5","$13,645.6",146,6866,-,-
607,608,Equifax,"$4,127.5",0.177,$520.1,-,"$9,611.8","$22,174.5",84,11400,-,-
608,609,CF Industries Holdings,"$4,124.1",-0.102,$317,-0.357,"$12,022.8","$9,732.1",-22,3038,-,-
609,610,Domino's Pizza,"$4,117.4",0.138,$491.3,0.226,"$1,567.2","$14,270.4",69,10650,-,-
610,611,Weis Markets,"$4,112.6",0.161,$118.9,0.749,"$1,820.4","$1,520.3",75,24000,-,-
611,612,Gartner,"$4,099.4",-0.034,$266.7,0.143,"$7,316","$16,196.1",9,15600,-,-
612,613,SVB Financial Group,"$4,081.8",0.156,"$1,208.4",0.063,"$115,511","$26,602.6",75,4461,-,-
613,614,Harley-Davidson,"$4,054.4",-0.244,$1.3,-0.997,"$12,010.6","$6,147.9",-95,5150,-,-
614,615,CUNA Mutual Group,"$4,049.3",-0.018,$145.5,-0.338,"$28,490.9",-,17,3600,-,-
615,616,Mahwah Bergen Retail Group,"$4,044.7",-0.352,"$-1,141.8",-,"$2,334.1",-,-143,22000,-,-
616,617,Paychex,"$4,040.5",0.071,"$1,098.1",0.062,"$8,550.7","$35,349.1",45,15700,-,-
617,618,TriNet Group,"$4,034",0.046,$272,0.283,"$3,043","$5,144.6",39,2700,-,-
618,619,Old Dominion Freight Line,"$4,015.1",-0.023,$672.7,0.093,"$4,369.4","$28,112.9",15,19779,-,-
619,620,Amerco,"$3,978.9",0.056,$442,0.192,"$13,438","$12,011.7",43,22200,-,-
620,621,Spectrum Brands Holdings,"$3,964.2",-0.042,$97.8,-0.802,"$5,107.3","$3,622.9",8,12100,-,-
621,622,ASGN,"$3,950.6",0.007,$200.3,0.147,"$3,278","$5,058.3",30,4200,-,-
622,623,Snap-on,"$3,942.2",-0.031,$627,-0.096,"$6,557.3","$12,561",14,12300,-,-
623,624,Pool,"$3,936.6",0.23,$366.7,0.402,"$1,739.7","$13,863.5",123,4750,-,-
624,625,Parsons,"$3,918.9",-0.009,$98.5,-0.182,"$3,937.7","$4,139.5",23,15500,-,-
625,626,Genesis Healthcare,"$3,906.2",-0.144,$-59,-5.033,"$4,062.2",$47.3,-37,44000,-,-
626,627,Digital Realty Trust,"$3,903.6",0.216,$356.4,-0.385,"$36,076.3","$39,593.1",119,2878,-,-
627,628,Diebold Nixdorf,"$3,902.3",-0.115,$-269.1,-,"$3,657.4","$1,104.7",-21,22000,-,-
628,629,MDC Holdings,"$3,901.2",0.185,$367.6,0.542,"$3,864.9","$4,160.3",104,1773,-,-
629,630,EnLink Midstream,"$3,893.8",-0.357,$-421.5,-,"$8,550.9","$2,102.3",-147,1069,-,-
630,631,NortonLifeLock,"$3,858",-0.185,"$3,887",124.387,"$7,735","$12,371.2",-58,3600,-,-
631,632,CNO Financial Group,"$3,821.1",-0.048,$301.8,-0.263,"$35,339.9","$3,245.4",11,3400,-,-
632,633,Stifel Financial,"$3,817.8",0.086,$503.5,0.123,"$26,604.3","$6,724.6",57,8500,-,-
633,634,Ventas,"$3,795.4",-0.02,$439.1,0.014,"$23,929.4","$19,984.3",21,448,-,-
634,635,Lamb Weston Holdings,"$3,792.4",0.01,$365.9,-0.235,"$4,662.3","$11,339.6",30,7700,-,-
635,636,American National Group,"$3,792.4",-0.068,$467.5,-0.246,"$29,467.8","$2,900.3",-,4600,-,-
636,637,Autodesk,"$3,790.4",0.158,"$1,208.2",4.633,"$7,279.8","$60,860",100,11500,-,-
637,638,Mercury General,"$3,784.5",-0.047,$374.6,0.17,"$6,328.2","$3,367.1",8,4300,-,-
638,639,PerkinElmer,"$3,782.7",0.312,$727.9,2.199,"$7,960.3","$14,376.4",170,14000,-,-
639,640,American Water Works,"$3,777",0.046,$709,0.142,"$24,766","$27,205.6",42,7000,-,-
640,641,Hologic,"$3,776.4",0.121,"$1,115.2",-,"$7,195.8","$19,164.9",77,5814,-,-
641,642,American Eagle Outfitters,"$3,759.1",-0.127,$-209.3,-2.094,"$3,434.8","$4,874.3",-26,21750,-,-
642,643,Flowserve,"$3,728.1",-0.054,$116.3,-0.513,"$5,314.7","$5,056",7,16000,-,-
643,644,Navient,"$3,728",-0.326,$412,-0.31,"$87,412","$2,629.8",-134,6485,-,-
644,645,Steelcase,"$3,723.7",0.081,$199.7,0.585,"$2,565.4","$1,653.5",61,13350,-,-
645,646,Compass,"$3,720.8",0.559,$-270.2,-,"$1,365.1",-,-,2702,-,-
646,647,Twitter,"$3,716.3",0.074,"$-1,135.6",-1.775,"$13,379.1","$50,786.4",57,5500,-,-
647,648,Triple-S Management,"$3,702.4",0.097,$67.2,-0.277,"$3,088.4",$616.4,68,3911,-,-
648,649,Penn Mutual Life Insurance,"$3,700.2",-0.001,$287,-0.275,"$40,003.5",-,18,3162,-,-
649,650,Brink's,"$3,690.9",0.002,$16,-0.448,"$5,135.6","$3,939.5",19,75100,-,-
650,651,Synopsys,"$3,685.3",0.097,$664.3,0.248,"$8,030.1","$37,755",72,15036,-,-
651,652,Tempur Sealy International,"$3,676.9",0.184,$348.8,0.841,"$3,308.6","$7,376.6",111,9000,-,-
652,653,Lennox International,"$3,634.1",-0.045,$356.3,-0.128,"$2,032.5","$11,757.4",7,10300,-,-
653,654,Las Vegas Sands,"$3,612",-0.737,"$-1,685",-1.625,"$20,807","$46,412.4",-419,46000,-,-
654,655,ScanSource,"$3,609.2",-0.068,$-192.7,-4.345,"$1,692.1",$762.3,-1,2200,-,-
655,656,APi Group,"$3,587",-,$-153,-,"$4,065","$4,149.5",-,13000,-,-
656,657,Pinnacle West Capital,"$3,587",0.033,$550.6,0.023,"$20,020.4","$9,167.5",44,6026,-,-
657,658,Sentry Insurance Group,"$3,585.3",-0.026,$201.8,-0.378,"$21,631.5",-,12,4150,-,-
658,659,Penn National Gaming,"$3,578.7",-0.325,$-669.5,-16.251,"$14,667.3","$16,406",-132,18321,-,-
659,660,Darling Ingredients,"$3,571.9",0.062,$296.8,-0.05,"$5,613.3","$12,004.7",60,10000,-,-
660,661,Alaska Air Group,"$3,566",-0.594,"$-1,324",-2.722,"$14,046","$8,608.9",-301,20677,-,-
661,662,Sanderson Farms,"$3,564.3",0.036,$28.3,-0.469,"$1,849","$3,478.6",45,17445,-,-
662,663,Granite Construction,"$3,562.5",0.034,$-145.1,-,"$2,380","$1,843",49,4100,-,-
663,664,Pitney Bowes,"$3,554.1",0.022,$-181.5,-1.933,"$5,220.1","$1,431",35,11500,-,-
664,665,Brookdale Senior Living,"$3,540.2",-0.127,$82,-,"$6,901.8","$1,109.9",-27,38250,-,-
665,666,Ciena,"$3,532.2",-0.011,$361.3,0.426,"$4,180.9","$8,481.8",18,7032,-,-
666,667,Medical Mutual of Ohio,"$3,524.2",0.006,$100.4,0.2,"$2,611.6",-,28,2873,-,-
667,668,Sally Beauty Holdings,"$3,514.3",-0.093,$113.2,-0.583,"$2,895.1","$2,271",-15,30000,-,-
668,669,Timken,"$3,513.2",-0.073,$284.5,-0.214,"$5,041.6","$6,165.9",-8,17430,-,-
669,670,Service Corp. International,"$3,511.5",0.087,$515.9,0.396,"$14,515.4","$8,646.4",72,20319,-,-
670,671,Hub Group,"$3,495.6",-0.047,$73.6,-0.314,"$2,105.4","$2,316.7",1,5000,-,-
671,672,Antero Resources,"$3,491.7",-0.208,"$-1,267.9",-,"$13,150.8","$3,072.1",-64,522,-,-
672,673,Primoris Services,"$3,491.5",0.124,$105,0.275,"$1,969.6","$1,779.9",89,10414,-,-
673,674,Endeavor Group Holdings,"$3,478.7",-0.239,$-654.9,-,"$9,633.6",-,-,6400,-,-
674,675,Caesars Entertainment,"$3,474",0.374,"$-1,757",-22.691,"$36,385","$18,213.9",193,21000,-,-
675,676,Ryerson Holding,"$3,466.6",-0.23,$-65.8,-1.799,"$1,802.1",$649.5,-82,3900,-,-
676,677,Maximus,"$3,461.5",0.199,$214.5,-0.109,"$2,024.7","$5,471.7",131,34300,-,-
677,678,Urban Outfitters,"$3,449.7",-0.134,$1.2,-0.993,"$3,546.3","$3,637.8",-34,14250,-,-
678,679,Cboe Global Markets,"$3,427.1",0.373,$468.2,0.249,"$6,516.5","$10,580.6",193,1010,-,-
679,680,Alliant Energy,"$3,416",-0.064,$614,0.102,"$17,710","$13,533.6",-5,3375,-,-
680,681,ARKO,"$3,409.4",-0.06,$13.2,-,"$2,739.8","$1,236.8",-,10380,-,-
681,682,Palo Alto Networks,"$3,408.4",0.175,$-267,-,"$9,065.4","$31,318",122,8014,-,-
682,683,Gannett,"$3,405.7",0.823,$-670.5,-,"$3,108.9",$748,-,20800,-,-
683,684,Spirit AeroSystems Holdings,"$3,404.8",-0.567,$-870.3,-2.642,"$8,383.9","$5,129.7",-278,14500,-,-
684,685,Plexus,"$3,390.4",0.071,$117.5,0.082,"$2,289.8","$2,646.7",65,19500,-,-
685,686,First Horizon,"$3,390",0.488,$845,0.917,"$84,209","$9,362.6",241,8358,-,-
686,687,Toro,"$3,378.8",0.077,$329.7,0.203,"$2,853.2","$11,099.9",69,10385,-,-
687,688,Airbnb,"$3,378.2",-0.297,"$-4,584.7",-,"$10,491.5","$114,349.2",-,5597,-,-
688,689,Brown-Forman,"$3,363",0.012,$827,-0.01,"$5,766","$32,119.3",41,4800,-,-
689,690,Skyworks Solutions,"$3,355.7",-0.006,$814.8,-0.045,"$5,106.7","$30,290.4",24,10000,-,-
690,691,Dentsply Sirona,"$3,342",-0.171,$-83,-1.316,"$9,342","$13,977.5",-49,15000,-,-
691,692,Zillow Group,"$3,339.8",0.218,$-162.1,-,"$7,486.6","$31,310.9",140,5504,-,-
692,693,Super Micro Computer,"$3,339.3",-0.046,$84.3,0.172,"$1,918.6","$1,975.5",4,3987,-,-
693,694,PriceSmart,"$3,329.2",0.033,$78.1,0.067,"$1,656.8","$2,973.9",50,9500,-,-
694,695,Puget Energy,"$3,326.5",-0.022,$182.7,-0.133,"$15,043",-,15,3150,-,-
695,696,Acuity Brands,"$3,326.3",-0.094,$248.3,-0.248,"$3,491.7","$5,891.4",-25,11500,-,-
696,697,GoDaddy,"$3,316.7",0.11,$-495.1,-4.614,"$6,432.9","$13,201.3",90,6621,-,-
697,698,Southwest Gas Holdings,"$3,298.9",0.057,$232.3,0.086,"$8,735.9","$3,935.9",59,11149,-,-
698,699,Elanco Animal Health,"$3,273.3",0.066,$-560.1,-9.249,"$17,692.7","$13,924",69,10200,-,-
699,700,Tri Pointe Homes,"$3,260.4",0.058,$282.2,0.362,"$4,022","$2,430.3",66,1163,-,-
700,701,Applied Industrial Technologies,"$3,245.7",-0.065,$24,-0.833,"$2,283.6","$3,540.3",-1,6200,-,-
701,702,Avient,"$3,242.1",-0.033,$131.6,-0.776,"$4,870.5","$4,315.5",22,8400,-,-
702,703,GMS,"$3,241.3",0.04,$23.4,-0.582,"$2,288.8","$1,788.8",55,5611,-,-
703,704,Virtu Financial,"$3,239.3",1.117,$649.2,-,"$9,965.8","$5,974.4",-,976,-,-
704,705,Qorvo,"$3,239.1",0.048,$334.3,1.511,"$6,560.7","$20,693.1",60,7900,-,-
705,706,Illumina,"$3,239",-0.086,$656,-0.345,"$7,585","$56,034.4",-19,8575,-,-
706,707,Citrix Systems,"$3,236.7",0.075,$504.4,-0.26,"$4,890.3","$17,259.2",72,9000,-,-
707,708,Atlas Air Worldwide Holdings,"$3,211.1",0.172,$360.3,-,"$6,029.2","$1,740.5",125,4061,-,-
708,709,Acadia Healthcare,"$3,209.7",0.033,$-672.1,-7.171,"$6,499.4","$5,109",51,35400,-,-
709,710,Dycom Industries,"$3,199.2",-0.042,$34.3,-0.4,"$1,944.2","$2,842.7",15,14276,-,-
710,711,Akamai Technologies,"$3,198.1",0.105,$557.1,0.165,"$7,764.1","$16,632.1",95,8368,-,-
711,712,MSC Industrial Direct,"$3,192.4",-0.051,$251.1,-0.131,"$2,382.4","$5,033.9",9,6315,-,-
712,713,PRA Health Sciences,"$3,183.4",0.038,$197,-0.189,"$4,178.5","$9,896.5",56,18100,-,-
713,714,Bloomin' Brands,"$3,170.6",-0.234,$-158.7,-2.216,"$3,362.1","$2,403.5",-86,77000,-,-
714,715,Varian Medical Systems,"$3,168.2",-0.018,$269.2,-0.078,"$4,462.2","$16,212.3",28,10613,-,-
715,716,Xilinx,"$3,162.7",0.034,$792.7,-0.109,"$4,693.3","$30,450.5",56,4891,-,-
716,717,Century Communities,"$3,161.2",0.247,$206.2,0.824,"$2,845.1","$2,033.3",150,1403,-,-
717,718,Advantage Solutions,"$3,155.7",-0.166,$-162.4,-,"$5,777.5","$3,760.9",-,40000,-,-
718,719,CIT Group,"$3,150.4",-0.044,$-615.3,-2.161,"$58,106.6","$5,084.4",13,4306,-,-
719,720,Trimble,"$3,147.7",-0.036,$389.9,-0.242,"$6,876.9","$19,551.9",18,11402,-,-
720,721,Clean Harbors,"$3,144.1",-0.079,$134.8,0.38,"$4,131.5","$4,606.2",-12,13500,-,-
721,722,Grocery Outlet Holding,"$3,134.6",0.225,$106.7,5.921,"$2,485.6","$3,513.8",143,860,-,-
722,723,Albemarle,"$3,128.9",-0.128,$375.8,-0.295,"$10,450.9","$17,053.7",-40,5900,-,-
723,724,Abercrombie & Fitch,"$3,125.4",-0.137,$-114,-3.897,"$3,314.9","$2,131.1",-46,20550,-,-
724,725,Par Pacific Holdings,"$3,124.9",-0.421,$-409.1,-11.024,"$2,133.9",$843.7,-209,1403,-,-
725,726,Teradyne,"$3,121.5",0.36,$784.1,0.677,"$3,652.3","$20,267.6",195,5500,-,-
726,727,BlueLinx Holdings,"$3,097.3",0.174,$80.9,-,"$1,048.1",$371.1,125,2100,-,-
727,728,Catalent,"$3,094.3",0.229,$220.7,0.606,"$7,776.5","$17,926.6",141,13900,-,-
728,729,Comerica,"$3,094",-0.189,$474,-0.604,"$88,129","$10,007.1",-70,7681,-,-
729,730,Take-Two Interactive Software,"$3,089",0.158,$404.5,0.212,"$4,948.8","$20,351.9",115,5800,-,-
730,731,EnerSys,"$3,087.9",0.1,$137.1,-0.144,"$3,301.7","$3,876",93,11400,-,-
731,732,Teledyne Technologies,"$3,086.2",-0.024,$401.9,-0.001,"$5,084.8","$15,314.3",19,10670,-,-
732,733,Marathon Oil,"$3,086",-0.405,"$-1,451",-4.023,"$17,956","$8,427.3",-199,1672,-,-
733,734,Mettler-Toledo International,"$3,085.2",0.025,$602.7,0.074,"$2,814.5","$26,951.7",46,15700,-,-
734,735,Terex,"$3,082.4",-0.341,$-10.6,-1.195,"$3,031.8","$3,212.3",-159,8200,-,-
735,736,Brinker International,"$3,078.5",-0.043,$24.4,-0.842,"$2,356","$3,230.4",9,62200,-,-
736,737,Colfax,"$3,070.8",-0.29,$42.6,-,"$7,351.5","$5,896.7",-123,15400,-,-
737,738,Worthington Industries,"$3,059.1",-0.186,$78.8,-0.487,"$2,331.5","$3,476.1",-74,9000,-,-
738,739,EQT,"$3,058.8",-0.307,$-967.2,-,"$18,113.5","$5,181.1",-134,624,-,-
739,740,IAC/InterActiveCorp,"$3,047.7",-,$269.7,-,"$9,135.4","$19,201.2",-,8200,-,-
740,741,M/I Homes,"$3,046.1",0.218,$239.9,0.88,"$2,643","$1,719.5",130,1515,-,-
741,742,Meritor,"$3,044",-0.306,$245,-0.158,"$2,884","$2,134",-133,8600,-,-
742,743,Garrett Motion,"$3,034",-0.066,$80,-0.744,"$3,017",$393.5,-4,7450,-,-
743,744,Option Care Health,"$3,032.6",0.313,$-8.1,-,"$2,647.4","$3,189.9",174,5499,-,-
744,745,Carter's,"$3,024.3",-0.141,$109.7,-0.584,"$3,392.6","$3,908.5",-56,18000,-,-
745,746,Quad/Graphics,"$3,009",-0.273,$-128.3,-,"$1,927.7",$194.9,-116,15800,-,-
746,747,Hexion,"$3,003",-0.11,$-230,-,"$4,002",-,-30,2600,-,-
747,748,Tetra Tech,"$2,994.9",-0.036,$173.9,0.096,"$2,378.6","$7,359.9",13,20000,-,-
748,749,Allegheny Technologies,"$2,982.1",-0.277,"$-1,572.6",-7.105,"$4,034.9","$2,671",-116,6500,-,-
749,750,Meredith,"$2,960.7",-0.18,$-234.3,-6.06,"$5,510.1","$1,359",-69,5330,-,-
750,751,ResMed,"$2,957",0.134,$621.7,0.537,"$4,587.4","$28,231.7",107,7770,-,-
751,752,JetBlue Airways,"$2,957",-0.635,"$-1,354",-3.38,"$13,406","$6,440.4",-358,18485,-,-
752,753,iHeartMedia,"$2,948.2",-0.2,"$-1,914.7",-,"$9,203","$2,584.6",-85,9588,-,-
753,754,Zions Bancorp.,"$2,942",-0.093,$539,-0.339,"$81,479","$8,993.3",-14,9678,-,-
754,755,ArcBest,"$2,940.2",-0.016,$71.1,0.778,"$1,779","$1,787.1",31,13000,-,-
755,756,TEGNA,"$2,937.8",0.278,$482.8,0.687,"$6,848.7","$4,154.4",164,6430,-,-
756,757,Crane,"$2,936.9",-0.105,$181,0.358,"$4,588.9","$5,474.9",-22,11000,-,-
757,758,Carlyle Group,"$2,934.6",-0.131,$348.2,-0.086,"$15,644.8","$13,020.2",-45,1825,-,-
758,759,AptarGroup,"$2,929.3",0.024,$214,-0.116,"$3,990.1","$9,352",53,13000,-,-
759,760,Charles River Laboratories International,"$2,923.9",0.115,$364.3,0.446,"$5,490.8","$14,552.4",95,18400,-,-
760,761,Selective Insurance Group,"$2,922.3",0.027,$246.4,-0.093,"$9,687.9","$4,354.1",53,2400,-,-
761,762,Public Storage,"$2,915.1",0.024,"$1,357.2",-0.107,"$11,816.5","$43,131.1",51,5400,-,-
762,763,Regal Rexnord,"$2,907",-0.102,$189.3,-0.208,"$4,589","$5,796.2",-22,23000,-,-
763,764,McAfee,"$2,906",0.103,$-118,-,"$5,428","$9,764.5",-,6916,-,-
764,765,Triumph Group,"$2,900.1",-0.138,$-28.1,-,"$2,980.3","$1,010.5",-46,9989,-,-
765,766,Valmont Industries,"$2,895.4",0.046,$140.7,-0.085,"$2,953.2","$5,053.7",61,10844,-,-
766,767,A.O. Smith,"$2,895.3",-0.033,$344.9,-0.068,"$3,160.7","$10,932.7",18,13900,-,-
767,768,Graham Holdings,"$2,889.1",-0.015,$300.4,-0.084,"$6,444.1","$2,813.1",27,16661,-,-
768,769,Marriott Vacations Worldwide,"$2,886",-0.337,$-275,-2.993,"$8,898","$7,183.2",-157,18000,-,-
769,769,DoorDash,"$2,886",2.261,$-461,-,"$6,353","$42,153.5",-,3886,-,-
770,771,Moog,"$2,884.6",-0.007,$9.2,-0.949,"$3,225.8","$2,664.8",29,12623,-,-
771,772,Peabody Energy,"$2,881.1",-0.377,"$-1,870.3",-,"$4,667.1",$300.9,-190,4600,-,-
772,773,Hill-Rom Holdings,"$2,881",-0.009,$223,0.465,"$4,671.1","$7,331.7",26,10000,-,-
773,774,Avaya Holdings,"$2,873",-0.005,$-680,-,"$6,231","$2,351.8",33,8266,-,-
774,775,Energizer Holdings,"$2,860.6",0.048,$-93.3,-2.826,"$5,728.3","$3,244.7",59,5900,-,-
775,776,Comfort Systems USA,"$2,856.7",0.092,$150.1,0.313,"$1,757.4","$2,705.6",80,11100,-,-
776,777,RH,"$2,848.6",0.076,$271.8,0.233,"$2,898.3","$12,526.7",73,4750,-,-
777,778,Atmos Energy,"$2,821.1",-0.028,$601.4,0.176,"$15,359","$12,668.7",24,4694,-,-
778,779,AMC Networks,"$2,815",-0.08,$240,-0.369,"$5,246.3","$2,204",-8,2180,-,-
779,780,Rent-A-Center,"$2,814.2",0.054,$208.1,0.199,"$1,751","$3,137.5",64,14320,-,-
780,781,Diamondback Energy,"$2,813",-0.29,"$-4,517",-19.821,"$17,619","$13,288.7",-134,732,-,-
781,782,Hyster-Yale Materials Handling,"$2,812.1",-0.146,$37.1,0.036,"$1,859.5","$1,464.7",-48,7600,-,-
782,783,Resolute Forest Products,"$2,800",-0.042,$10,-,"$3,730",$884.9,13,7100,-,-
783,784,LCI Industries,"$2,796.2",0.179,$158.4,0.081,"$2,298","$3,328",116,12400,-,-
784,785,Greenbrier,"$2,792.2",-0.08,$49,-0.311,"$3,173.8","$1,550",-8,10600,-,-
785,786,H.B. Fuller,"$2,790.3",-0.037,$123.7,-0.054,"$4,036.7","$3,286.9",19,6428,-,-
786,787,Louisiana-Pacific,"$2,788",0.207,$499,-,"$2,086","$5,909",132,4500,-,-
787,788,Verisk Analytics,"$2,784.6",0.068,$712.7,0.584,"$7,561.8","$28,763.6",69,8960,-,-
788,789,Western Midstream Partners,"$2,772.6",0.01,$527,-0.244,"$11,830","$7,678.8",-,1045,-,-
789,790,Boston Properties,"$2,765.7",-0.066,$872.7,0.673,"$22,858.2","$15,776.9",-1,750,-,-
790,791,Joann,"$2,762.3",0.233,$212.3,-,"$2,337.3",$409.8,-,27500,-,-
791,792,Mr. Cooper Group,"$2,733",0.362,$305,0.113,"$24,165","$3,150",204,9800,-,-
792,793,Amica Mutual Insurance,"$2,728",-0.029,$183.7,0.06,"$6,774.4",-,30,3832,-,-
793,794,Scientific Games,"$2,724",-0.199,$-569,-,"$7,984","$3,674.4",-83,9000,-,-
794,795,TopBuild,"$2,718",0.036,$247,0.293,"$2,815.3","$6,925.4",59,10540,-,-
795,796,TransUnion,"$2,716.6",0.023,$343.2,-0.011,"$7,311.6","$17,214.5",51,8200,-,-
796,797,PAE,"$2,714.6",-0.018,$15.3,-,"$1,829.4",$839.5,31,20000,-,-
797,798,First Solar,"$2,711.3",-0.115,$398.4,-,"$7,108.9","$9,252.6",-28,5100,-,-
798,799,Rackspace Technology,"$2,707.1",0.11,$-245.8,-,"$6,377.8","$4,887.3",-,7200,-,-
799,800,IDEXX Laboratories,"$2,706.7",0.125,$581.8,0.36,"$2,294.6","$41,899.5",87,9300,-,-
800,801,Vontier,"$2,704.6",-,$342,-,"$3,073","$5,101.9",-,8400,-,-
801,802,SiteOne Landscape Supply,"$2,704.5",0.147,$121.3,0.561,"$1,695.7","$7,579.5",102,4680,-,-
802,803,Laureate Education,"$2,699.5",-0.281,$-613.3,-1.654,"$4,970.9","$2,703.9",-137,30000,-,-
803,804,Central Garden & Pet,"$2,695.5",0.131,$120.7,0.301,"$2,339.4","$2,937",92,5950,-,-
804,805,Cadence Design Systems,"$2,682.9",0.148,$590.6,-0.403,"$3,950.8","$38,229.9",105,8746,-,-
805,806,Stericycle,"$2,675.5",-0.191,$-57.3,-,"$5,581.9","$6,184.5",-75,15290,-,-
806,807,Incyte,"$2,666.7",0.235,$-295.7,-1.662,"$3,560.9","$17,866.7",146,1773,-,-
807,808,EPAM Systems,"$2,659.5",0.159,$327.2,0.253,"$2,721.3","$22,285.8",115,41168,-,-
808,809,Lincoln Electric Holdings,"$2,655.4",-0.116,$206.1,-0.297,"$2,314.5","$7,334.6",-26,10700,-,-
809,810,Zoom Video Communications,"$2,651.4",3.258,$672.3,25.569,"$5,298","$94,367.7",-,4422,-,-
810,811,H&R Block,"$2,639.7",-0.147,$-7.5,-1.018,"$5,112","$3,955.2",-47,42000,-,-
811,812,Kansas City Southern,"$2,632.6",-0.081,$617,0.145,"$9,964","$24,000",-1,6522,-,-
812,813,Cabot,"$2,614",-0.217,$-238,-2.516,"$2,781","$2,969",-87,4500,-,-
813,814,Brown & Brown,"$2,613.4",0.092,$480.5,0.206,"$8,966.5","$12,958.2",79,10843,-,-
814,815,Popular,"$2,603.9",-0.08,$506.6,-0.245,"$65,926","$5,933.5",5,8522,-,-
815,816,Fortinet,"$2,594.4",0.199,$488.5,0.473,"$4,044.5","$30,095.7",138,8238,-,-
816,817,PC Connection,"$2,590.3",-0.081,$55.8,-0.321,"$1,015.4","$1,214.3",5,2598,-,-
817,818,Continental Resources,"$2,586.5",-0.442,$-596.9,-1.77,"$14,633.1","$9,447.6",-237,1201,-,-
818,819,Opendoor Technologies,"$2,583.1",-0.455,$-286.8,-,"$2,175.6","$12,231.5",-,1048,-,-
819,820,Nu Skin Enterprises,"$2,581.9",0.067,$191.4,0.103,"$1,957.1","$2,689.2",64,26000,-,-
820,821,Donaldson,"$2,581.8",-0.092,$257,-0.038,"$2,244.6","$7,335.3",-5,12400,-,-
821,822,Hawaiian Electric Industries,"$2,579.8",-0.103,$197.8,-0.092,"$15,004","$4,855.4",-12,3702,-,-
822,823,NLV Financial,"$2,573.4",-0.072,$193.6,-0.134,"$40,351.7",-,3,1155,-,-
823,824,Equity Residential,"$2,571.7",-0.048,$913.6,-0.058,"$20,286.9","$26,693.9",14,2600,-,-
824,825,Mednax,"$2,564.8",-0.27,$-796.5,-,"$3,347.9","$2,195.4",-134,7900,-,-
825,826,MRC Global,"$2,560",-0.301,$-274,-8.026,"$1,781",$746.6,-152,2600,-,-
826,827,Overstock.com,"$2,549.8",0.747,$56,-,$830.2,"$3,151.3",-,1750,-,-
827,828,Visteon,"$2,548",-0.135,$-56,-1.8,"$2,271","$3,404.3",-34,10000,-,-
828,829,Bio-Rad Laboratories,"$2,545.6",0.101,"$3,806.3",1.164,"$12,972.6","$17,046.3",88,8000,-,-
829,830,Univision Communications,"$2,541.9",-0.06,$-23.8,-1.083,"$9,288.1",-,7,4500,-,-
830,831,ContextLogic,"$2,541",0.337,$-745,-,"$2,397","$9,764.4",-,875,-,-
831,832,Teleflex,"$2,537.2",-0.022,$335.3,-0.273,"$7,152.6","$19,421.8",27,14000,-,-
832,833,Cracker Barrel Old Country Store,"$2,522.8",-0.179,$-32.5,-1.145,"$2,544.3","$4,101.6",-66,55000,-,-
833,834,Cooper Tire & Rubber,"$2,521.1",-0.084,$142.8,0.481,"$2,971.6","$2,826.2",-4,9839,-,-
834,835,ManTech International,"$2,518.4",0.133,$120.5,0.058,"$2,213.7","$3,521.7",102,9400,-,-
835,836,Hillenbrand,"$2,517",0.393,$-60.1,-1.495,"$3,987.4","$3,580.8",-,11000,-,-
836,837,Middleby,"$2,513.3",-0.151,$207.3,-0.411,"$5,202.5","$9,222.1",-46,9289,-,-
837,838,Echo Global Logistics,"$2,511.5",0.149,$15.8,0.066,$963.9,$835.8,113,2593,-,-
838,839,Snap,"$2,506.6",0.461,$-944.8,-,"$5,024.2","$78,869.2",-,3863,-,-
839,840,Vishay Intertechnology,"$2,501.9",-0.062,$122.9,-0.25,"$3,154.5","$3,485.1",6,21600,-,-
840,841,Columbia Sportswear,"$2,501.6",-0.178,$108,-0.673,"$2,836.6","$7,012.4",-67,7275,-,-
841,842,Woodward,"$2,495.7",-0.139,$240.4,-0.074,"$3,903.3","$7,605",-39,7248,-,-
842,843,MillerKnoll,"$2,486.6",-0.031,$-9.1,-1.057,"$2,053.9","$2,427",21,7600,-,-
843,844,Patrick Industries,"$2,486.6",0.064,$97.1,0.084,"$1,753.4","$2,001.2",65,8700,-,-
844,845,Generac Holdings,"$2,485.2",0.127,$350.6,0.391,"$3,235.4","$20,584",101,6625,-,-
845,846,PROG Holdings,"$2,484.6",-0.371,$-61.5,-2.953,"$1,317.4","$2,931.9",-197,1868,-,-
846,847,Euronet Worldwide,"$2,482.7",-0.097,$-3.4,-1.01,"$4,926.7","$7,295.7",-16,8100,-,-
847,848,Interactive Brokers Group,"$2,479",-0.039,$195,0.211,"$95,679","$6,634.3",14,2033,-,-
848,849,ITT,"$2,477.8",-0.129,$72.5,-0.777,"$4,277.6","$7,863.7",-34,9700,-,-
849,850,Align Technology,"$2,471.9",0.027,"$1,775.9",3.011,"$4,829.7","$42,854.3",38,18070,-,-
850,851,Enable Midstream Partners,"$2,463",-0.168,$88,-0.778,"$11,729","$2,822.5",-61,1706,-,-
851,852,FTI Consulting,"$2,461.3",0.046,$210.7,-0.028,"$2,777.4","$4,797.5",54,6321,-,-
852,853,Cooper,"$2,430.9",-0.084,$238.4,-0.489,"$6,737.5","$18,878.4",-5,12000,-,-
853,854,Country Financial,"$2,429.3",-0.372,$284.4,0.7,"$15,133.9",-,-198,3346,-,-
854,855,Magellan Midstream Partners,"$2,427.8",-0.11,$817,-0.2,"$8,197","$9,681.5",-20,1720,-,-
855,856,Floor & Decor Holdings,"$2,425.8",0.186,$195,0.294,"$2,880.4","$9,988.2",127,7593,-,-
856,857,American Equity Investment Life Holding,"$2,424.6",-0.3,$671.5,1.729,"$71,389.7","$3,009",-155,656,-,-
857,858,Griffon,"$2,407.5",0.09,$53.4,0.433,"$2,456","$1,534.8",86,7400,-,-
858,859,Ensign Group,"$2,402.6",0.051,$170.5,0.542,"$2,545.6","$5,132.6",67,24400,-,-
859,860,Texas Roadhouse,"$2,398.1",-0.13,$31.3,-0.821,"$2,325.2","$6,679.3",-31,32474,-,-
860,861,Mueller Industries,"$2,398",-0.013,$139.5,0.382,"$1,528.6","$2,361.7",22,5007,-,-
861,862,AMN Healthcare Services,"$2,393.7",0.077,$70.7,-0.38,"$2,353.5","$3,477.2",77,3000,-,-
862,863,Curtiss-Wright,"$2,391.3",-0.039,$201.4,-0.345,"$4,021.3","$4,853",12,8200,-,-
863,864,Match Group,"$2,391.3",-0.497,$128.6,-0.702,"$2,977","$36,951.3",-296,1890,-,-
864,865,Fleetcor Technologies,"$2,388.9",-0.098,$704.2,-0.213,"$11,194.6","$22,408.1",-16,8400,-,-
865,866,Matson,"$2,383.3",0.082,$193.1,1.335,"$2,900.6","$2,897.1",81,4149,-,-
866,867,Gray Television,"$2,381",0.122,$410,1.291,"$7,643","$1,748.1",95,7140,-,-
867,868,II-VI,"$2,380.1",0.747,$-67,-1.623,"$5,234.7","$7,167.1",-,22969,-,-
868,869,Ashland Global Holdings,"$2,377",-0.322,$-508,-2.006,"$6,877","$5,385.4",-175,4500,-,-
869,870,Cooper-Standard Holdings,"$2,375.4",-0.236,$-267.6,-4.963,"$2,611.9",$613.7,-111,26550,-,-
870,871,Werner Enterprises,"$2,372.2",-0.037,$169.1,0.013,"$2,156.7","$3,208",9,12292,-,-
871,872,Playtika Holding,"$2,371.5",0.256,$92.1,-0.681,"$1,776.2","$11,145.3",-,3800,-,-
872,873,LGI Homes,"$2,367.9",0.288,$323.9,0.813,"$1,826.1","$3,712.4",-,938,-,-
873,874,Waters,"$2,365.4",-0.017,$521.6,-0.119,"$2,839.9","$17,671.3",15,7412,-,-
874,875,Lyft,"$2,364.7",-0.346,"$-1,752.9",-,"$4,679","$20,781.8",-195,4675,-,-
875,876,Healthpeak Properties,"$2,364",0.184,$413.6,8.083,"$15,920.1","$17,103.8",122,217,-,-
876,877,Winnebago Industries,"$2,355.5",0.186,$61.4,-0.45,"$1,713.7","$2,577.5",-,5505,-,-
877,878,Knights of Columbus,"$2,353.3",-0.014,$95,-0.359,"$27,658.1",-,17,750,-,-
878,879,SLM,"$2,353.1",-0.011,$880.7,0.523,"$30,770.4","$6,535.2",19,1600,-,-
879,880,Valvoline,"$2,353",-0.015,$317,0.524,"$3,051","$4,729.7",14,8800,-,-
880,881,IDEX,"$2,351.6",-0.057,$377.8,-0.112,"$4,414.4","$15,891.6",-8,7075,-,-
881,882,F5 Networks,"$2,350.8",0.048,$307.4,-0.281,"$4,677.9","$12,861.6",50,6109,-,-
882,883,GEO Group,"$2,350.1",-0.052,$113,-0.322,"$4,460.1",$941.3,-5,20000,-,-
883,884,BrightView Holdings,"$2,346",-0.024,$-41.6,-1.937,"$3,071","$1,773.8",7,19900,-,-
884,885,Hovnanian Enterprises,"$2,343.9",0.162,$50.9,-,"$1,827.3",$650.5,106,1697,-,-
885,886,Sprague Resources,"$2,336",-0.333,$33.8,0.082,"$1,199.4",$502.3,-190,765,-,-
886,887,Summit Materials,"$2,332.5",0.05,$138,1.336,"$4,308","$3,216.6",51,6000,-,-
887,888,MKS Instruments,"$2,330",0.226,$350.1,1.494,"$3,903.8","$10,245.4",-,5600,-,-
888,889,Arista Networks,"$2,317.5",-0.039,$634.6,-0.262,"$4,738.9","$23,043.7",-3,2613,-,-
889,890,Alexandria Real Estate Equities,"$2,315.1",0.334,$771,1.123,"$22,827.9","$22,458.6",-,470,-,-
890,891,Synovus Financial,"$2,311",-0.04,$373.7,-0.337,"$54,394.2","$6,800.5",-1,5134,-,-
891,892,Viasat,"$2,309.2",0.117,$-0.2,-,"$4,883.9","$3,294.2",80,6100,-,-
892,893,Southwestern Energy,"$2,308",-0.24,"$-3,112",-4.493,"$5,160","$3,136.2",-117,900,-,-
893,894,People's United Financial,"$2,307.7",-0.002,$219.6,-0.578,"$63,091.8","$7,632.1",22,5814,-,-
894,895,Hilltop Holdings,"$2,306.9",0.267,$447.8,0.988,"$16,944.3","$2,805.1",-,4925,-,-
895,896,AvalonBay Communities,"$2,301.3",-0.01,$827.6,0.053,"$19,199.1","$25,744.2",16,3028,-,-
896,897,Federated Mutual Insurance,"$2,290.2",0.073,$198.2,-0.137,"$9,574.5",-,62,2689,-,-
897,898,Stewart Information Services,"$2,288.4",0.18,$154.9,0.97,"$1,978.6","$1,392",-,5800,-,-
898,899,Evercore,"$2,285.3",0.126,$350.6,0.179,"$3,370.9","$5,536.1",89,1791,-,-
899,900,Envista Holdings,"$2,282",-,$33.3,-,"$6,876","$6,531.4",-,12400,-,-
900,901,TCF Financial,"$2,281.7",0.112,$222.8,-0.246,"$47,802.5","$7,090",78,6833,-,-
901,902,REV Group,"$2,277.6",-0.052,$-30.5,-,"$1,312.3","$1,236.2",-10,7060,-,-
902,903,Calumet Specialty Products Partners,"$2,268.2",-0.343,$-149,-,"$1,808.3",$479.7,-198,1400,-,-
903,904,Crestwood Equity Partners,"$2,254.3",-0.292,$-56.1,-1.197,"$5,243.7","$2,074.6",-156,731,-,-
904,905,TTM Technologies,"$2,249.3",-0.164,$177.5,3.299,"$2,895.9","$1,550.1",-64,16700,-,-
905,906,MYR Group,"$2,247.4",0.085,$58.8,0.559,$995.9,"$1,203.2",65,7200,-,-
906,907,Designer Brands,"$2,234.7",-0.36,$-488.7,-6.172,"$1,976.6","$1,259.8",-209,11400,-,-
907,908,Splunk,"$2,229.4",-0.055,$-908,-,"$5,868.5","$22,196.9",-5,6500,-,-
908,909,Primerica,"$2,217.5",0.08,$386.2,0.054,"$14,905.3","$5,826.2",71,2528,-,-
909,910,Copart,"$2,205.6",0.08,$699.9,0.183,"$3,455.3","$25,666.4",74,7600,-,-
910,911,CDK Global,"$2,195.1",-0.059,$207.5,0.673,"$2,854.1","$6,582.1",-,9000,-,-
911,912,Maxim Integrated Products,"$2,191.4",-0.053,$654.7,-0.209,"$3,629.3","$24,490.9",3,7115,-,-
912,913,Kar Auction Services,"$2,187.7",-0.376,$0.5,-0.997,"$6,798.2","$1,945.5",-220,9400,-,-
913,914,Ohio National Mutual,"$2,181.8",-0.068,-,-,"$41,091",-,-6,1082,-,-
914,915,Carpenter Technology,"$2,181.1",-0.084,$1.5,-0.991,"$3,227.2","$1,976.3",-18,4600,-,-
915,916,Boyd Gaming,"$2,178.5",-0.345,$-134.7,-1.855,"$6,558.9","$6,608.3",-188,14284,-,-
916,917,Unisys,"$2,175.8",-0.262,$750.7,-,"$2,707.9","$1,702.6",-124,17200,-,-
917,918,Seagen,"$2,175.5",1.373,$613.7,-,"$4,000.9","$25,176.1",-,2092,-,-
918,919,Itron,"$2,173.4",-0.132,$-58,-2.183,"$2,607","$4,000",-49,6451,-,-
919,920,Kirby,"$2,171.4",-0.235,$-272.5,-2.915,"$5,924.2","$3,622",-102,5400,-,-
920,921,Rollins,"$2,161.2",0.072,$260.8,0.283,"$1,845.9","$16,939.1",72,15616,-,-
921,922,Travel + Leisure,"$2,160",-0.466,$-255,-1.503,"$7,613","$5,255.6",-282,15500,-,-
922,923,Terminix Global Holdings,"$2,159",0.039,$551,3.305,"$4,837","$6,285.8",44,11400,-,-
923,924,Franchise Group,"$2,152.5",7.11,$25.1,-,"$1,837.7","$1,447.8",-,6421,-,-
924,925,West Pharmaceutical Services,"$2,146.9",0.167,$346.2,0.432,"$2,793.8","$20,809.5",-,9200,-,-
925,926,Portland General Electric,"$2,145",0.01,$155,-0.276,"$9,069","$4,252.2",35,3639,-,-
926,927,Flagstar Bancorp,"$2,144",0.527,$538,1.468,"$31,038","$2,375.8",-,5214,-,-
927,928,Renewable Energy Group,"$2,137.1",-0.191,$122.8,-0.677,"$1,461.4","$2,977.4",-77,895,-,-
928,929,Deckers Outdoor,"$2,132.7",0.056,$276.1,0.045,"$1,765.1","$9,307.9",60,3600,-,-
929,930,SkyWest,"$2,127.1",-0.284,$-8.5,-1.025,"$6,887.6","$2,740.6",-142,12502,-,-
930,931,Beazer Homes USA,"$2,127.1",0.019,$52.2,-,"$2,007.5",$653.6,34,1063,-,-
931,932,BWX Technologies,"$2,123.5",0.121,$278.7,0.142,"$2,293.5","$6,273.6",-,6700,-,-
932,933,OGE Energy,"$2,122.3",-0.049,$-173.7,-1.401,"$10,718.8","$6,472.7",1,2360,-,-
933,934,Nordson,"$2,121.1",-0.033,$249.5,-0.26,"$3,674.7","$11,540.5",15,7555,-,-
934,935,Caleres,"$2,117.1",-0.275,$-439.1,-7.99,"$1,867.1",$827.3,-138,6650,-,-
935,936,BOK Financial,"$2,112.9",-0.051,$435,-0.131,"$46,671.1","$6,212.1",-,4915,-,-
936,937,AAR,"$2,112.4",-0.016,$4.4,-0.413,"$2,079","$1,471.1",19,5400,-,-
937,938,Apollo Global Management,"$2,110.9",-0.329,$156.6,-0.814,"$23,669.1","$10,904.7",-184,1729,-,-
938,939,Amedisys,"$2,105.9",0.077,$183.6,0.448,"$1,567.2","$8,698",-,21000,-,-
939,940,Wynn Resorts,"$2,095.9",-0.683,"$-2,067.2",-17.809,"$13,869.5","$14,497.8",-486,27500,-,-
940,941,Hain Celestial Group,"$2,084.3",-0.231,$-80.4,-,"$2,188.5","$4,356",-105,4287,-,-
941,942,SBA Communications,"$2,083.1",0.034,$24.1,-0.836,"$9,158","$30,343",52,1483,-,-
942,943,Allison Transmission Holdings,"$2,081",-0.229,$299,-0.505,"$4,477","$4,536.9",-104,3300,-,-
943,944,Chemed,"$2,079.6",0.073,$319.5,0.453,"$1,434.9","$7,372.2",-,15544,-,-
944,945,Aerojet Rocketdyne Holdings,"$2,072.7",0.046,$137.7,-0.023,"$2,899.9","$3,758.6",-,4969,-,-
945,946,Hyatt Hotels,"$2,066",-0.588,$-703,-1.918,"$9,129","$8,377.5",-400,37000,-,-
946,947,LHC Group,"$2,063.2",-0.008,$111.6,0.166,"$2,483.4","$6,041.2",19,21150,-,-
947,948,BGC Partners,"$2,056.7",-0.023,$48.9,0.028,"$3,949.3","$1,785.2",15,4950,-,-
948,949,G-III Apparel Group,"$2,055.1",-0.35,$23.5,-0.836,"$2,436.4","$1,458.1",-197,3050,-,-
949,950,Benchmark Electronics,"$2,053.1",-0.095,$14.1,-0.4,"$1,744.2","$1,123.2",-20,11234,-,-
950,951,Affiliated Managers Group,"$2,027.5",-0.095,$202.2,11.879,"$7,888.9","$6,352",-18,3900,-,-
951,952,CoreLogic,"$2,016.7",0.144,$301.4,5.103,"$4,283.2","$5,830.5",-,5300,-,-
952,953,Air Lease,"$2,015.4",-0.001,$516.3,-0.121,"$25,215.2","$5,590.5",39,120,-,-
953,954,NewMarket,"$2,010.9",-0.082,$270.6,0.064,"$1,933.9","$4,154.4",-4,2105,-,-
954,955,Trinity Industries,"$1,999.4",-0.335,$-147.3,-2.07,"$8,701.8","$3,161.6",-174,6375,-,-
955,956,Amneal Pharmaceuticals,"$1,992.5",0.225,$91.1,-,"$4,006","$2,022.7",-,6000,-,-
956,957,Americold Realty Trust,"$1,987.7",0.114,$24.5,-0.49,"$7,831.2","$9,708.5",-,16300,-,-
957,958,Bruker,"$1,987.5",-0.041,$157.8,-0.2,"$3,049","$9,742.6",10,7400,-,-
958,959,Cheesecake Factory,"$1,983.2",-0.201,$-253.4,-2.99,"$2,747.1","$2,715.4",-83,42500,-,-
959,960,Zurn Water Solutions,"$1,980.1",-0.038,$146.7,-0.262,"$3,041.1","$5,632.6",-8,6570,-,-
960,961,Korn Ferry,"$1,977.3",0.002,$104.9,0.022,"$2,743.8","$3,368.4",-,8198,-,-
961,962,Modine Manufacturing,"$1,975.5",-0.107,$-2.2,-1.026,"$1,536.1",$759.5,-19,11300,-,-
962,963,Zynga,"$1,974.8",0.494,$-429.4,-11.242,"$6,206.5","$11,057.4",-,2245,-,-
963,964,Belden,"$1,971.9",-0.209,$-55.2,-,"$3,139.7","$1,981.4",-90,6300,-,-
964,965,Murphy Oil,"$1,971.4",-0.53,"$-1,148.8",-1.999,"$10,620.9","$2,532.3",-340,675,-,-
965,966,Range Resources,"$1,968.7",-0.304,$-711.8,-,"$6,136.9","$2,671",-145,533,-,-
966,967,B&G Foods,"$1,967.9",0.185,$132,0.728,"$3,767.6","$2,010.4",-,3207,-,-
967,968,Vail Resorts,"$1,963.7",-0.136,$98.8,-0.672,"$5,244.2","$11,741.1",-39,25400,-,-
968,969,Five Below,"$1,962.1",0.062,$123.4,-0.295,"$2,314.8","$10,677.2",-,12050,-,-
969,970,First Citizens BancShares,"$1,960.8",0.077,$491.7,0.075,"$49,957.7","$8,148.2",-,6587,-,-
970,971,HNI,"$1,955.4",-0.13,$41.9,-0.621,"$1,418","$1,698.5",-40,7600,-,-
971,972,New Jersey Resources,"$1,953.7",-0.246,$193.9,0.144,"$5,569.8","$3,837.5",-112,1156,-,-
972,973,Edgewell Personal Care,"$1,949.7",-0.089,$67.6,-,"$3,540.9","$2,149.4",-15,5800,-,-
973,974,TTEC Holdings,"$1,949.2",0.186,$118.6,0.538,"$1,516.4","$4,695",-,61000,-,-
974,975,Arcosa,"$1,935.6",0.114,$106.6,-0.059,"$2,646.7","$3,135.7",-,6410,-,-
975,976,DexCom,"$1,926.7",0.305,$493.6,3.882,"$4,290.5","$34,755.1",-,5950,-,-
976,977,Green Plains,"$1,923.7",-0.37,$-108.8,-,"$1,578.9","$1,208.8",-204,839,-,-
977,978,Teledyne FLIR,"$1,923.7",0.019,$212.6,0.239,"$3,252.3","$7,411",-,4179,-,-
978,979,E.W. Scripps,"$1,915.1",0.345,$269.3,-,"$4,859.4","$1,585.5",-,5400,-,-
979,980,Dropbox,"$1,913.9",0.152,$-256.3,-,"$2,387.2","$11,056.4",-,2760,-,-
980,981,Universal,"$1,910",-0.142,$71.7,-0.312,"$2,120.9","$1,446.1",-46,24000,-,-
981,982,CoreCivic,"$1,905.5",-0.038,$54.2,-0.713,"$3,709.3","$1,088.4",-,12415,-,-
982,983,Newmark Group,"$1,905",-0.141,$80.1,-0.318,"$3,982.5","$1,834.6",-42,5742,-,-
983,984,Revlon,"$1,904.3",-0.213,$-619,-,"$2,527.7",$657.7,-99,6000,-,-
984,985,Covanta Holding,"$1,904",0.018,$-28,-3.8,"$3,706","$1,829.3",-,4000,-,-
985,986,ChampionX,"$1,900",0.68,$-743.9,-15.261,"$3,475.8","$4,368.1",-,6600,-,-
986,987,EchoStar,"$1,887.9",-0.1,$-40.2,-,"$7,073.4","$2,230.7",-23,2400,-,-
987,988,Kennametal,"$1,885.3",-0.206,$-5.7,-1.023,"$3,037.6","$3,338.8",-89,8989,-,-
988,989,Valhi,"$1,878.1",-0.031,$55.2,0.122,"$2,889.3",$579.9,-,2784,-,-
989,990,Guess,"$1,876.5",-0.299,$-81.2,-1.846,"$2,465.9","$1,495.2",-147,11000,-,-
990,991,Harsco,"$1,874.1",0.035,$-26.3,-1.052,"$2,993.3","$1,354.7",-,11900,-,-
991,992,Stepan,"$1,869.8",0.006,$126.8,0.229,"$1,752.3","$2,858.9",-,2293,-,-
992,993,Clearwater Paper,"$1,868.6",0.061,$77.1,-,"$1,800.4",$624.7,-,3340,-,-
993,994,Live Nation Entertainment,"$1,861.2",-0.839,"$-1,724.5",-25.675,"$10,589.3","$18,457.7",-719,8200,-,-
994,995,BioMarin Pharmaceutical,"$1,860.5",0.092,$859.1,-,"$5,848","$13,730",-,3059,-,-
995,996,Surgery Partners,"$1,860.1",0.016,$-116.1,-,"$5,413.2","$2,649.4",-,9950,-,-
996,997,Entegris,"$1,859.3",0.169,$295,0.157,"$2,917.7","$15,120.7",-,5800,-,-
997,998,Sleep Number,"$1,856.6",0.093,$139.2,0.701,$800.1,"$3,560.3",-,4625,-,-
998,999,Spire,"$1,855.4",-0.05,$88.6,-0.52,"$8,241.2","$3,817.5",-,3583,-,-
999,1000,Clear Channel Outdoor Holdings,"$1,854.6",-0.309,$-582.7,-,"$5,755.3",$842.1,-158,4800,-,-
